TAXON_NAME,STARTDATE,PARENT_NAME,TRAINING,COMMENTS
Urocorycaeus longistylis f,2010-01-12,Corycaeus spp.,Internal training Dahl & Tanaka,
Onychocorycaeus giesbrechti f,2010-01-12,Corycaeus spp.,Internal training Dahl & Tanaka,
Monstrillidae j,2008-09-29,,,
Pontellina morii m,2008-09-29,,,
Subeucalanus mucronatus f,2008-09-29,,,
Urocorycaeus furcifer m,2010-01-12,Corycaeus spp.,Internal training Dahl & Tanaka,
Egg ?,2010-10-06,,,
Subeucalanus pileatus m,2008-09-29,,,
Farranula carinata f,2010-01-12,Corycaeus spp.,Internal training Dahl & Tanaka,
Clausocalanus paululus f,2009-10-12,Clausocalanus spp. f,Internal training Frost & Fleminger,
Physosomata,2008-09-29,,,
Acartia simplex f,2008-09-29,,,
Lubbockia spp. j,2008-09-29,,,
Triconia spp. f,2010-09-23,Oncaea spp. f,External training Ruth Bottger Schnack,
Centropages elongatus m,2008-09-29,,,
Euchaeta concinna f,2008-09-29,,,
Siphonophore abylidae,2010-09-14,Siphonophore,External training Mark Gibbons,Not routinely identified
Oncaea venusta medium hump f,2010-09-23,Oncaea venusta complex f,External training Ruth Bottger Schnack,
Arachnid terrestrial,2008-09-29,,,
Neocalanus spp. CV,2008-09-29,,,Not routinely counted; normally counted as Calanid CV
Centropages australiensis j,2008-09-29,,,
Calocalanus styliremis f,2008-09-29,Calocalanus spp. f,,Not routinely counted; normally counted as Calocalanus spp.
Salpidae agg,2008-09-29,,,
Metridia lucens f,2008-09-29,,,
Doliolum denticulatum,2010-01-14,Doliolum spp.,External training Mark Gibbons,
Doliolum oozoid spp.,2008-09-29,,,
Ditrichocorycaeus dahli m,2010-01-12,Corycaeus spp.,Internal training Dahl & Tanaka,
Stomatopod,2008-09-29,,,
Corycaeus spp. m,2010-01-12,Corycaeus spp.,Internal training Dahl & Tanaka,
Pegea confoederata,2010-02-05,Salpidae,Internal training,
Sapphirina ovatolanceolata / gemma f,2008-09-29,,,
Calanoides patagoniensis m,2008-09-29,,,Australian species currently being reviewed by Janet Bradford-Greive
Thalia democratica sol,2010-01-11,Thalia democratica,Internal training,
Penilia avirostris f,2010-03-24,Penilia avirostris,Internal training,
Pseudevadne tergestina f,2010-03-24,Pseudevadne tergestina,Internal training,
Pseudevadne tergestina m,2010-03-24,Pseudevadne tergestina,Internal training,
Oncaea venusta complex,2008-09-29,,,
Oncaea media complex,2008-09-29,,,
Oncaea clevei complex,2008-09-29,,,
Oncaea mediterranea complex,2008-09-29,,,
Labidocera spp. f,2008-09-29,,,
Labidocera spp. m,2008-09-29,,,
Clytemnestra spp. m,2008-09-29,,,
Lucicutia spp. f,2008-09-29,,,
Lucicutia spp. m,2008-09-29,,,
Calanopia minor f,2008-09-29,,,
Copilia mirabilis m,2008-09-29,,,
Oithona atlantica f,2011-07-08,Oithona Grp3 (pointy head) f,External training Dave McKinnon,Identified when larger than O. longispina and no details as per O. plumifera
Clausocalanus brevipes f,2008-09-29,Clausocalanus spp. f,Internal training Frost & Fleminger,
Bryozoan (Cyphonaute larvae),2008-09-29,,,
Phaenna spinifera f,2008-09-29,,,
Sapphirina nigromaculata f,2008-09-29,,,
Calanoides acutus f,2008-09-29,,,Australian species currently being reviewed by Janet Bradford-Greive
Candacia cheirura f,2008-09-29,,,
Candacia cheirura m,2008-09-29,,,
Candacia falcifera m,2008-09-29,,,
Centropages furcatus,2008-09-29,,,
Paraeuchaeta spp.,2008-09-29,,,
Aetideus pseudarmatus f,2008-09-29,,,
Calanus australis f,2008-09-29,,,
Calanus australis m,2008-09-29,,,
Clausocalanus ingens f,2009-10-12,Clausocalanus spp. f,Internal training Frost & Fleminger,
Aetideus acutus f,2008-09-29,,,
Lucicutia flavicornis m,2008-09-29,,,
Lubbockia squillimana f,2008-09-29,,,
Clausocalanus pergens f,2009-10-12,Clausocalanus spp. f,Internal training Frost & Fleminger,
Clausocalanus spp. f,2008-09-29,,Internal training Frost & Fleminger,
Clytemnestra scutellata m,2008-09-29,,,
Clytemnestra spp. j,2008-09-29,,,
Copepod damaged / unidentified,2008-09-29,,,
Calanoid j,2008-09-29,,,
Nauplii copepod,2008-09-29,,,
Copilia quadrata f,2008-09-29,,,
Corycaeus spp.,2010-01-12,Corycaeus spp.,Internal training Dahl & Tanaka,
Farranula spp. f,2008-09-29,Corycaeus spp.,Internal training Dahl & Tanaka,
Farranula spp. m,2008-09-29,Corycaeus spp.,Internal training Dahl & Tanaka,Farranula males not routinely speciated
Corycaeidae j,2008-09-29,Corycaeus spp.,Internal training Dahl & Tanaka,
Cosmocalanus darwinii f,2008-09-29,,,
Cosmocalanus darwinii m,2008-09-29,,,
Ctenocalanus vanus f,2008-09-29,,,
Ctenocalanus vanus m,2008-09-29,,,
Delibus nudus f,2008-09-29,,,
Delibus nudus m,2008-09-29,,,
Eucalanus elongatus m,2008-09-29,,,
Eucalanus spp. j,2008-09-29,,,
Euchaeta spp. j,2008-09-29,,,
Euchaeta spp. f,2008-09-29,,,
Euterpina acutifrons f,2008-09-29,,,
Euterpina acutifrons j,2008-09-29,,,
Euterpina acutifrons m,2008-09-29,,,
Harpacticoid j,2008-09-29,,,
Labidocera acuta f,2008-09-29,,,
Penaeidae larvae,2015-11-01,Decapod larvae,External training David Conway,
Tortanus gracilis f,2008-09-29,,,
Parvocalanus spp. m,2008-09-29,,,
Aetideus spp. f,2008-09-29,,,
Paracalanus spp. f,2008-09-29,,,
Candacia catula m,2008-09-29,,,
Rhincalanus spp.,2008-09-29,,,
Copilia spp. m,2008-09-29,,,
Temora spp.,2008-09-29,,,
Acartia spp.,2008-09-29,,,
Labidocera cervi m,2008-09-29,,,
Anthomedusae,2010-01-11,Medusa,Taxonomic workshop,
Clausocalanus jobei f (>1.2mm),2009-10-12,Clausocalanus spp. f,Internal training Frost & Fleminger,
Prosobranch,2010-01-01,Gastropod,Internal training,Any non-Limacina gastropd with a whorling shell (shell whorls to right) 
Thalia democratica agg,2010-01-11,Thalia democratica,Internal training,
Acartia spp. j,2008-09-29,,,
Acartia danae f,2008-09-29,,,
Acartia danae m,2008-09-29,,,
Acartia negligens f,2008-09-29,,,
Acartia negligens m,2008-09-29,,,
Acartia pacifica f,2008-09-29,,,
Acartia pacifica m,2008-09-29,,,
Acartia tranteri f,2008-09-29,,,
Acartia tranteri m,2008-09-29,,,
Acrocalanus gibber f,2008-09-29,,,
Acrocalanus gibber m,2008-09-29,,,
Acrocalanus gracilis f,2008-09-29,,,
Acrocalanus gracilis m,2008-09-29,,,
Acrocalanus longicornis f,2008-09-29,,,
Acrocalanus longicornis m,2008-09-29,,,
Acrocalanus monachus f,2008-09-29,,,
Acrocalanus monachus m,2008-09-29,,,
Bestiolina similis f,2008-09-29,,,
Bestiolina similis m,2008-09-29,,,
Calanid CIV,2008-09-29,,,
Calanid CV,2008-09-29,,,
Calanoides carinatus f,2008-09-29,,,Australian species currently being reviewed by Janet Bradford-Greive
Calanoides carinatus m,2008-09-29,,,Australian species currently being reviewed by Janet Bradford-Greive
Calanopia elliptica f,2008-09-29,,,
Calanopia minor m,2008-09-29,,,
Caligus spp.,2008-09-29,,,
Calocalanus pavo f,2008-09-29,,,
Calocalanus pavo m,2008-09-29,,,
Calocalanus plumulosus f,2008-09-29,,,
Candacia ethiopica f,2008-09-29,,,
Oithona Grp4 (round head) f,2008-09-29,,,Includes Oithona simplex  O. nana
Acrocalanus spp. f,2008-09-29,,,
Acrocalanus spp. m,2008-09-29,,,
Amphipod,2008-09-29,,,
Amphipod j,2008-09-29,,,
Anomuran zoea,2008-09-29,,,
Calanid CI,2008-09-29,,,
Calanid CII,2008-09-29,,,
Calanopia spp. j,2008-09-29,,,
Calocalanus spp. f,2008-09-29,,,
Candacia catula f,2008-09-29,,,
Candacia truncata f,2008-09-29,,,
Lucicutia flavicornis f,2008-09-29,,,
Macrosetella gracilis f,2008-09-29,,,
Macrosetella gracilis m,2008-09-29,,,
Mecynocera clausi f,2008-09-29,,,
Mecynocera clausi m,2008-09-29,,,
Mecynocera spp. j,2008-09-29,,,
Mesocalanus tenuicornis f,2008-09-29,,,
Mesocalanus tenuicornis m,2008-09-29,,,
Microsetella norvegica f,2008-09-29,,,
Microsetella norvegica m,2008-09-29,,,
Microsetella rosea f,2008-09-29,,,
Microsetella rosea m,2008-09-29,,,
Nannocalanus minor f,2008-09-29,,,
Nannocalanus minor m,2008-09-29,,,
Nauplii calanoid,2008-09-29,,,
Nauplii poecilostomatoida / cyclopoid,2008-09-29,,,
Nauplii harpacticoid,2008-09-29,,,
Oithona Grp1 (flat head) f,2008-09-29,,,Includes Diothona oculata D. rigida Oithona brevicornis O. decipiens O. fallax O. nana O. similis
Oithona Grp3 (pointy head) f,2008-09-29,,,Includes Oithona atlantica O. Longispina O. plumifera O. setigera O. tenuis
Oithona spp. large m,2008-09-29,,,Used for all Oithona males less than 0.8 mm in size; Oithonidae males not routinely speciated
Oithona Grp2 (diamond) f,2008-09-29,,,Includes Oithona attenuata O. australis
Oithona spp. j,2008-09-29,,,
Oncaea clevei f,2010-09-23,Oncaea clevei complex f,External training Ruth Bottger Schnack,
Oncaea clevei complex m,2008-09-29,,,Oncaeidae males not routinely speciated unless found coupled or assigned to a dominant female count
Oncaea spp. j,2008-09-29,,,May include Triconia spp.
Oncaea media complex f,2008-09-29,,,
Oncaea media complex m,2008-09-29,,,Oncaeidae males not routinely speciated unless found coupled or assigned to a dominant female count
Oncaea mediterranea complex f,2008-09-29,,,
Oncaea mediterranea complex m,2008-09-29,,,Oncaeidae males not routinely speciated unless found coupled or assigned to a dominant female count
Oncaea venusta complex f,2008-09-29,,,
Oncaea venusta complex m,2008-09-29,,,Oncaeidae males not routinely speciated unless found coupled or assigned to a dominant female count
Paracalanus aculeatus f,2008-09-29,,,
Paracalanus aculeatus m,2008-09-29,,,
Paracalanus indicus f,2008-09-29,,,
Paracalanus indicus m,2008-09-29,,,
Paracalanus spp. j,2008-09-29,,,
Parvocalanus crassirostris f,2008-09-29,,,
Pleuromamma borealis f,2008-09-29,,,
Pleuromamma borealis m,2008-09-29,,,
Pleuromamma quadrungulata f,2008-09-29,,,
Pleuromamma gracilis m,2008-09-29,,,
Pleuromamma spp. j,2008-09-29,,,
Pontellina morii f,2008-09-29,,,
Rhincalanidae j,2008-09-29,,,
Rhincalanus cornutus f,2008-09-29,,,
Sapphirina angusta f,2008-09-29,,,
Sapphirina auronitens f,2008-09-29,,,
Sapphirina spp. j,2008-09-29,,,
Sapphirina cf. nigromaculata f,2008-09-29,,,
Sapphirina opalina f,2008-09-29,,,
Sapphirina stellata f,2008-09-29,,,
Sapphirina gemma f INVALID USE S.OVATOLANCEOLATA,2008-09-29,,,
Parvocalanus spp. f,2008-09-29,,,
Poecilostomatoida / Cyclopoid f,2008-09-29,,,
Scolecithrix danae f,2008-09-29,,,
Subeucalanus subcrassus f,2008-09-29,,,
Subeucalanus crassus f,2008-09-29,,,
Subeucalanus spp. j,2008-09-29,,,
Temora discaudata f,2008-09-29,,,
Temora discaudata m,2008-09-29,,,
Temora spp. j,2008-09-29,,,
Temora stylifera f,2008-09-29,,,
Temora stylifera m,2008-09-29,,,
Temora turbinata f,2008-09-29,,,
Temora turbinata m,2008-09-29,,,
Temoropia mayumbaensis f,2008-09-29,,,
Temoropia mayumbaensis m,2008-09-29,,,
Undinula vulgaris f,2008-09-29,,,
Undinula vulgaris m,2008-09-29,,,
Actinotroch of phoronid worm,2008-09-29,,,
Gammarid amphipod,2008-09-29,,,
Hyperiid amphipod,2008-09-29,,,
Appendicularia,2008-09-29,,,
Barnacle nauplii,2008-09-29,,,
Barnacle cyprid,2008-09-29,,,
Bivalve,2008-09-29,,,
Brachyuran zoea,2008-09-29,,,
Chaetognatha,2008-09-29,,,
Cnidarian larvae,2008-09-29,Medusa,,Not routinely identified
Colonial ascidian larvae,2008-09-29,,,
Cubozoan larvae,2008-09-29,Medusa,,Not routinely identified
Decapod larvae,2008-09-29,,,
Doliolum spp.,2008-09-29,,,
Echinoderm larvae,2008-09-29,,,
Egg,2008-09-29,,,
Egg mass,2008-09-29,,,
Evadne nordmanni,2008-09-29,,,
Evadne spinifera,2008-09-29,,,
Nauplii euphausiid,2008-09-29,,,
Euphausiid calyptope,2008-09-29,,,
Euphausiid furcilia larvae,2008-09-29,,,
Euphausiid adult,2008-09-29,,,
Fish egg,2008-09-29,,,
Fish larvae,2008-09-29,,,
Fish j,2008-09-29,,,
Fritillariidae,2008-09-29,,,
Gastropod,2008-09-29,,,
Gastropod veliger,2008-09-29,,,
Hydroid,2008-09-29,,,
Hydromedusae,2010-01-11,Medusa,Taxonomic workshop,
Insect terrestrial,2008-09-29,,,
Isopod,2008-09-29,,,
Lucifer spp.,2008-09-29,,,
Medusa,2008-09-29,,,
Megalope,2008-09-29,,,
Noctiluca scintillans,2008-09-29,,,
Nyctiphanes australis j,2008-09-29,,,Speciated routinely in SO samples
Obelia spp.,2008-09-29,,,
Oikopleuridae,2008-09-29,,,
Ostracod,2008-09-29,,,
Pentacrinoid larvae,2008-09-29,Echinoderm larvae,,Not routinely counted
Penilia avirostris,2008-09-29,,,
Podon spp.,2008-09-29,,,
Polychaete,2008-09-29,,,
Porcelain crab zoea,2008-09-29,,,
Pseudevadne tergestina,2008-09-29,,,
Cavoliniidae body,2008-09-29,,,
Cavoliniidae shell,2008-09-29,,,
Salpidae,2008-09-29,,,
Siphonophore,2008-09-29,,,
Sipunculid worm larvae,2008-09-29,,,
Squid,2008-09-29,,,
Tomopteris spp.,2008-09-29,,,
Pteropod,2008-09-29,,,
Bivalve larvae,2008-09-29,,,
Acartia sinjiensis f,2008-09-29,,,
Clausocalanus parapergens f,2009-10-12,Clausocalanus spp. f,Internal training Frost & Fleminger,
Acartia sinjiensis m,2008-09-29,,,
Corycaeus spp. f,2010-01-12,Corycaeus spp.,Internal training Dahl & Tanaka,
Agetus spp. f,2010-01-12,Corycaeus spp.,Internal training Dahl & Tanaka,
Eucalanidae j,2008-09-29,,,
Eucalanus elongatus f,2008-09-29,,,
Euchaeta marina gp m,2008-09-29,,,
Heterorhabdus spp. j,2008-09-29,,,
Labidocera spp. j,2008-09-29,,,
Labidocera pavo m,2008-09-29,,,
Lucicutia spp. j,2008-09-29,,,
Parvocalanus crassirostris m,2008-09-29,,,
Polychaete larvae,2008-09-29,,,
Pontellina cf. morii f,2008-09-29,,,
Pontellopsis krameri f,2008-09-29,,,
Rhincalanus nasutus f,2008-09-29,,,
Rhincalanus nasutus m,2008-09-29,,,
Rhincalanus rostrifrons f,2008-09-29,,,
Sapphirina nigromaculata m,2008-09-29,,,
Sapphirina opalina m,2008-09-29,,,
Sapphirina scarlata f,2008-09-29,,,
Sapphirina stellata m,2008-09-29,,,
Scolecithrix danae m,2008-09-29,,,
Limacina,2010-01-01,Gastropod,Internal training,Any Limacina like gastropd with a whorling shell (shell whorls to left)
Copilia mirabilis f,2008-09-29,,,
Rhincalanus cornutus m,2008-09-29,,,
Calocalanus spp. j,2008-09-29,,,
Calocalanus spp. m,2008-09-29,,,
Clausocalanus spp. i,2010-09-16,Clausocalanus spp. j,Internal training in intersexes by Felipe Gusmao,
Oithona plumifera f,2011-07-08,Oithona Grp3 (pointy head) f,External training Dave McKinnon,Identified when plumes or setae on gential segment are seen
Acrocalanus spp. i,2010-09-16,Acrocalanus spp. j,Internal training in intersexes by Felipe Gusmao,
Urocorycaeus longistylis m,2010-01-12,Corycaeus spp.,Internal training Dahl & Tanaka,
Mecynocera spp.,2008-09-29,,,
Oncaea venusta medium no hump f,2010-09-23,Oncaea venusta complex f,External training Ruth Bottger Schnack,
Oncaea venusta venella hump f,2010-09-23,Oncaea venusta complex f,External training Ruth Bottger Schnack,
Evadne spinifera f gravid,2010-03-24,Evadne spinifera,Internal training,
Labidocera spp.,2008-09-29,,,
Corycaeus speciosus m,2010-01-12,Corycaeus spp.,Internal training Dahl & Tanaka,
Onychocorycaeus catus m,2010-01-12,Corycaeus spp.,Internal training Dahl & Tanaka,
Corycaeus speciosus f,2010-01-12,Corycaeus spp.,Internal training Dahl & Tanaka,
Trachymedusae,2010-01-11,Medusa,Taxonomic workshop,
Urocorycaeus lautus m,2010-01-12,Corycaeus spp.,Internal training Dahl & Tanaka,
Ditrichocorycaeus andrewsi m,2010-01-12,Corycaeus spp.,Internal training Dahl & Tanaka,
Calycophoran,2010-09-14,Siphonophore,Internal training,
Metridia spp. f,2008-09-29,,,
Metridia spp. m,2008-09-29,,,
Microsetella norvegica,2008-09-29,,,
Microsetella spp.,2008-09-29,,,
Calanopia aurivilli m,2008-09-29,,,
Calanopia aurivilli f,2008-09-29,,,
Acartia fossae f,2008-09-29,,,
Microsetella spp. f,2008-09-29,,,
Microsetella spp. m,2008-09-29,,,
Subeucalanus monachus f,2008-09-29,,,
Mysid,2008-09-29,,,
Onychocorycaeus latus f,2010-01-12,Corycaeus spp.,Internal training Dahl & Tanaka,
Copilia spp.,2008-09-29,,,
Labidocera minuta f,2008-09-29,,,
Lubbockia spp. f,2008-09-29,,,
Ditrichocorycaeus tenuis f,2010-01-12,Corycaeus spp.,Internal training Dahl & Tanaka,
Onychocorycaeus spp. m,2010-01-12,Corycaeus spp.,Internal training Dahl & Tanaka,
Euchaeta indica m,2008-09-29,,,
Cavoliniidae,2008-09-29,,,
Temora discaudata,2008-09-29,,,
Pseudodiaptomus spp.,2008-09-29,,,
Phyllosoma larvae,2008-09-29,,,
Copilia hendorffi f,2008-09-29,,,
Eucalanidae,2008-09-29,,,
Oncaea scottodicarloi f,2010-09-23,Oncaea media complex f,External training Ruth Bottger Schnack,
Acartia tonsa f,2008-09-29,,,
Oncaea venusta typica f,2010-09-23,Oncaea venusta complex f,External training Ruth Bottger Schnack,
Oncaea waldemari f,2010-09-23,Oncaea media complex f,External training Ruth Bottger Schnack,
Ditrichocorycaeus anglicus m,2010-01-12,Corycaeus spp.,Internal training Dahl & Tanaka,
Euchaeta marina m,2008-09-29,,,
Euchaeta marina gp f,2008-09-29,,,
Clausocalanus minor f,2009-10-12,Clausocalanus spp. f,Internal training Frost & Fleminger,
Evadne spinifera f,2010-03-24,Evadne spinifera,Internal training,
Evadne nordmanni f,2010-03-24,Evadne nordmanni,Internal training,
Podon spp. f,2010-03-24,Podon spp.,Internal training,
Ihlea magalhanica solitary,2008-09-29,Salpidae,Internal training,
Leptothecata,2010-01-11,Medusa,Taxonomic workshop,Not routinely identified
Calocalanus plumulosus m,2008-09-29,,,
Candacia bipinnata f,2008-09-29,,,
Candacia bipinnata m,2008-09-29,,,
Candacia bradyi f,2008-09-29,,,
Candacia bradyi m,2008-09-29,,,
Candacia ethiopica m,2008-09-29,,,
Candacia spp. j,2008-09-29,,,
Canthocalanus pauper f,2008-09-29,,,
Canthocalanus pauper m,2008-09-29,,,
Centropages australiensis f,2008-09-29,,,
Centropages australiensis m,2008-09-29,,,
Centropages bradyi f,2008-09-29,,,
Centropages bradyi m,2008-09-29,,,
Centropages furcatus f,2008-09-29,,,
Centropages furcatus m,2008-09-29,,,
Centropages spp. j,2008-09-29,,,
Centropages orsinii f,2008-09-29,,,
Centropages orsinii m,2008-09-29,,,
Calocalanus cf. minutus f,2008-09-29,Calocalanus spp. f,,Not routinely counted; normally counted as Calocalanus spp.
Calocalanus cf. pavoninus f,2008-09-29,Calocalanus spp. f,,Not routinely counted; normally counted as Calocalanus spp.
Cosmocalanus darwinii,2008-09-29,,,
Calocalanus cf. styliremis f,2008-09-29,Calocalanus spp. f,,Not routinely counted; normally counted as Calocalanus spp.
Tortanus gracilis m,2008-09-29,,,
Pontella novaezealandiae f,2008-09-29,,,
Pseudodiaptomus baylyi f,2008-09-29,,,
Metacalanus aurivillii f,2008-09-29,,,
Clausocalanus arcuicornis f,2008-09-29,,Internal training Frost & Fleminger,
Clausocalanus arcuicornis m,2008-09-29,,Internal training Frost & Fleminger,Clausocalanus males not routinely speciated
Clausocalanus furcatus f,2008-09-29,,Internal training Frost & Fleminger,
Clausocalanus furcatus m,2008-09-29,,Internal training Frost & Fleminger,Clausocalanus males not routinely speciated
Clausocalanus spp. j,2008-09-29,,Internal training Frost & Fleminger,
Clausocalanus spp. m,2008-09-29,,Internal training Frost & Fleminger,Clausocalanus males not routinely speciated
Clytemnestra scutellata f,2008-09-29,,,
Agetus limbatus f,2010-01-12,Corycaeus spp.,Internal training Dahl & Tanaka,
Centropages spp.,2008-09-29,,,
Eucalanidae m,2008-09-29,,,
Ditrichocorycaeus spp. m,2010-01-12,Corycaeus spp.,Internal training Dahl & Tanaka,
Farranula spp.,2008-09-29,Corycaeus spp.,Internal training Dahl & Tanaka,
Thalia democratica,2008-09-29,,,
Onychocorycaeus spp. f,2010-01-12,Corycaeus spp.,Internal training Dahl & Tanaka,
Lucifer typus f,2010-06-17,Lucifer spp.,Internal training,Not routinely identified
Pontellina plumata m,2008-09-29,,,
Farranula spp. j,2008-09-29,Corycaeus spp.,Internal training Dahl & Tanaka,
Labidocera minuta m,2008-09-29,,,
Euterpina acutifrons,2008-09-29,,,
Tortanus spp. j,2008-09-29,,,
Platyhelminthes j,2008-09-29,,,
Facetotecta cyprid,2010-08-02,,,
Tortanus spp. m,2008-09-29,,,
Acrocalanus gibber,2008-09-29,,,
Pseudodiaptomus cornutus f,2008-09-29,,,
Undinula vulgaris CV,2008-09-29,,,Not routinely counted; normally counted as Calanid CV
Calanopia spp. f,2008-09-29,,,
Palaemonidae,2008-09-29,,,
Farranula gracilis f,2010-01-12,Corycaeus spp.,Internal training Dahl & Tanaka,
Subeucalanus crassus m,2008-09-29,,,
Flaccisagitta spp.,2010-09-30,Chaetognatha,External training Mark Gibbons,
Paracalanus parvus m,2008-09-29,,,
Ditrichocorycaeus erythraeus m,2010-01-12,Corycaeus spp.,Internal training Dahl & Tanaka,
Harpacticoid f,2008-09-29,,,
Aetideus spp. m,2008-09-29,,,
Lucicutia flavicornis,2008-09-29,,,
Pleuromamma piseki f,2008-09-29,,,
Pleuromamma piseki m,2008-09-29,,,
Hemicyclops spp. j,2008-09-29,,,
Aetideus acutus m,2008-09-29,,,
Calanoides patagoniensis f,2008-09-29,,,Australian species currently being reviewed by Janet Bradford-Greive
Metridia lucens m,2008-09-29,,,
Neocalanus tonsus m,2008-09-29,,,
Evadne spp.,2008-09-29,,,
Penilia avirostris f gravid,2010-03-24,Penilia avirostris,Internal training,
Scolecithrix spp. f,2008-09-29,,,
Onychocorycaeus latus m,2010-01-12,Corycaeus spp.,Internal training Dahl & Tanaka,
Pseudodiaptomus mertoni f,2008-09-29,,,
Onychocorycaeus agilis f,2010-01-12,Corycaeus spp.,Internal training Dahl & Tanaka,
Subeucalanus monachus m,2008-09-29,,,
Farranula curta f,2010-01-12,Corycaeus spp.,Internal training Dahl & Tanaka,
Clausocalanus mastigophorus f,2009-10-12,Clausocalanus spp. f,Internal training Frost & Fleminger,
Tortanus barbatus f,2008-09-29,,,
Agetus typicus f,2010-01-12,Corycaeus spp.,Internal training Dahl & Tanaka,
Sapphirina spp. f,2008-09-29,,,
Sapphirina spp. m,2008-09-29,,,
Candacia spp. f,2008-09-29,,,
Candacia spp. m,2008-09-29,,,
Temora turbinata,2008-09-29,,,
Corycaeus clausi f,2010-01-12,Corycaeus spp.,Internal training Dahl & Tanaka,
Corycaeus clausi m,2010-01-12,Corycaeus spp.,Internal training Dahl & Tanaka,
Agetus limbatus m,2010-01-12,Corycaeus spp.,Internal training Dahl & Tanaka,
Pleuromamma spp.,2008-09-29,,,
Lucifer spp. m,2010-06-17,Lucifer spp.,Internal training,
Ditrichocorycaeus spp. f,2010-01-12,Corycaeus spp.,Internal training Dahl & Tanaka,
Pterotracheoidea - atlantid,2008-09-29,,,
Centropages calaninus m,2008-09-29,,,
Pseudodiaptomus j,2008-09-29,,,
Pseudodiaptomus aurivillii f,2008-09-29,,,
Centropages elegans f,2008-09-29,,,
Undinula vulgaris CIII,2008-09-29,,,Not routinely counted; normally counted as Calanid CIII
Euchaeta acuta f,2008-09-29,,,
Oncaea venusta venella f,2010-09-23,Oncaea venusta complex f,External training Ruth Bottger Schnack,
Scolecithrix spp. j,2008-09-29,,,
Oncaea paraclevei f,2010-09-23,Oncaea clevei complex f,External training Ruth Bottger Schnack,
Hemicyclops spp.,2008-09-29,,,
Facetotecta nauplii,2010-11-05,,,
Subeucalanus subtenuis m,2008-09-29,,,
Labidocera tasmanica m,2008-09-29,,,
Centropages spp. f,2008-09-29,,,
Urocorycaeus furcifer f,2010-01-12,Corycaeus spp.,Internal training Dahl & Tanaka,
Ditrichocorycaeus erythraeus f,2010-01-12,Corycaeus spp.,Internal training Dahl & Tanaka,
Farranula gibbula f,2010-01-12,Corycaeus spp.,Internal training Dahl & Tanaka,
Onychocorycaeus agilis m,2010-01-12,Corycaeus spp.,Internal training Dahl & Tanaka,
Farranula concinna f,2010-01-12,Corycaeus spp.,Internal training Dahl & Tanaka,
Ditrichocorycaeus dahli f,2010-01-12,Corycaeus spp.,Internal training Dahl & Tanaka,
Sapphirina scarlata m,2008-09-29,,,
Pleuromamma abdominalis f,2008-09-29,,,
Pleuromamma abdominalis m,2008-09-29,,,
Euchirella rostrata m,2008-09-29,,,
Labidocera acuta m,2008-09-29,,,
Labidocera cervi f,2008-09-29,,,
Labidocera pavo f,2008-09-29,,,
Pontellopsis krameri m,2008-09-29,,,
Pseudodiaptomus mertoni m,2008-09-29,,,
Agetus flaccus m,2010-01-12,Corycaeus spp.,Internal training Dahl & Tanaka,
Podon intermedius,2010-03-24,Podon spp.,Internal training,
Centropages spp. m,2008-09-29,,,
Pontellina plumata f,2008-09-29,,,
Ditrichocorycaeus aucklandicus f,2010-01-12,Corycaeus spp.,Internal training Dahl & Tanaka,
Pareucalanus langae m,2008-09-29,,,
Ditrichocorycaeus aucklandicus m,2010-01-12,Corycaeus spp.,Internal training Dahl & Tanaka,
Paracalanus parvus f,2008-09-29,,,
Sergestid protozoea,2008-09-29,,,
Onychocorycaeus pacificus f,2010-01-12,Corycaeus spp.,Internal training Dahl & Tanaka,
Ditrichocorycaeus anglicus f,2010-01-12,Corycaeus spp.,Internal training Dahl & Tanaka,
Flaccisagitta enflata,2010-09-23,Chaetognatha,External training Mark Gibbons,
Oithona simplex f,2011-07-08,Oithona Grp4 (round head) f,External training Dave McKinnon,
Lensia subtilis,2010-09-14,Siphonophore,External training Mark Gibbons,
Dioithona rigida f,2011-07-08,Oithona Grp5 (orange furcae) f,External training Dave McKinnon,
Aglaura hemistoma,2011-07-01,Medusa,External training Mark Gibbons,Not routinely identified
Urocorycaeus lautus f,2010-01-12,Corycaeus spp.,Internal training Dahl & Tanaka,
Oithona attenuata typical f,2011-07-08,Oithona Grp2 (diamond) f,External training Dave McKinnon,
Subeucalanus subcrassus m,2008-09-29,,,
Onychocorycaeus pumilus m,2010-01-12,Corycaeus spp.,Internal training Dahl & Tanaka,
Macrosetella gracilis j,2008-09-29,,,
Calanoides spp. CV,2008-09-29,,,Not routinely counted; normally counted as Calanid CV; Australian species currently being reviewed by Janet Bradford-Greive 
Calanoides spp. j,2008-09-29,,,Australian species currently being reviewed by Janet Bradford-Greive
Clytemnestra farrani f,2008-09-29,,,
Neocalanus spp.,2008-09-29,,,
Copilia hendorffi m,2008-09-29,,,
Clausocalanus laticeps f,2008-09-29,Clausocalanus spp. f,Internal training Frost & Fleminger,
Euchirella rostromagna f,2008-09-29,,,
Thaliacean,2008-09-29,,,
Agetus spp. m,2010-01-12,Corycaeus spp.,Internal training Dahl & Tanaka,
Subeucalanus longiceps f,2008-09-29,,,
Subeucalanus longiceps m,2008-09-29,,,
Pleuromamma abdominalis j,2008-09-29,,,
Sapphirina stellata j,2008-09-29,,,
Ditrichocorycaeus lubbocki f,2010-01-12,Corycaeus spp.,Internal training Dahl & Tanaka,
Corycaeus vitreus f,2010-01-12,Corycaeus spp.,Internal training Dahl & Tanaka,
Oithona longispina f,2011-07-08,Oithona Grp3 (pointy head) f,External training Dave McKinnon,Identified as larger Oithona group size 0.9<>1.1 mm
Candacia simplex f,2008-09-29,,,
Serratosagitta tasmanica,2010-09-23,Chaetognatha,External training Mark Gibbons,
Bassia bassensis,2010-09-14,Medusa,External training Mark Gibbons,
Calocalanus contractus f,2008-09-29,Calocalanus spp. f,,Not routinely counted; normally counted as Calocalanus spp.
Physonectae,2010-09-14,Siphonophore,External training Mark Gibbons,
Liriope tetraphylla,2011-07-01,Medusa,External training Mark Gibbons,Not routinely identified
Oikopleura dioica,2011-07-01,Oikopleuridae,External training Mark Gibbons,Not routinely identified
Lensia subtiloides,2010-09-14,Siphonophore,External training Mark Gibbons,Not routinely identified
Ceratocymba spp.,2011-07-01,Siphonophore,External training Mark Gibbons,Not routinely identified
Tortanus barbatus j,2008-09-29,,,
Triconia elongata f,2010-09-23,Oncaea spp. f,External training Ruth Bottger Schnack,
Triconia redacta f,2010-09-23,Oncaea spp. f,External training Ruth Bottger Schnack,
Triconia umerus f,2010-09-23,Oncaea spp. f,External training Ruth Bottger Schnack,
Aidanosagitta neglecta,2010-09-23,Chaetognatha,External training Mark Gibbons,Not routinely identified
Aidanosagitta regularis,2010-09-23,Chaetognatha,External training Mark Gibbons,Not routinely identified
Trochophore larvae,2008-09-29,,,
Unid invert larvae,2008-09-29,,,
Nauplii zooplankton,2008-09-29,,,
Clytemnestra spp. f,2008-09-29,,,
Ditrichocorycaeus asiaticus f,2010-01-12,Corycaeus spp.,Internal training Dahl & Tanaka,
Onychocorycaeus catus f,2010-01-12,Corycaeus spp.,Internal training Dahl & Tanaka,
Ditrichocorycaeus subtilis f,2010-01-12,Corycaeus spp.,Internal training Dahl & Tanaka,
Coelenterata larvae,2008-09-29,Medusa,,Not routinely identified
Eucalanus spp.,2008-09-29,,,
Eucalanus spp. f,2008-09-29,,,
Eucalanus spp. m,2008-09-29,,,
Copilia quadrata m,2008-09-29,,,
Rhincalanus spp. f,2008-09-29,,,
Rhincalanus spp. m,2008-09-29,,,
Candacia truncata m,2008-09-29,,,
Clausocalanus brevipes m,2008-09-29,,Internal training Frost & Fleminger,Clausocalanus males not routinely speciated
Agetus typicus m,2010-01-12,Corycaeus spp.,Internal training Dahl & Tanaka,
Ditrichocorycaeus andrewsi f,2010-01-12,Corycaeus spp.,Internal training Dahl & Tanaka,
Ditrichocorycaeus subtilis m,2010-01-12,Corycaeus spp.,Internal training Dahl & Tanaka,
Onychocorycaeus ovalis m,2010-01-12,Corycaeus spp.,Internal training Dahl & Tanaka,
Euchaeta concinna m,2008-09-29,,,
Acrocalanus spp.,2008-09-29,,,
Onychocorycaeus pacificus m,2010-01-12,Corycaeus spp.,Internal training Dahl & Tanaka,
Lucifer typus,2010-06-17,Lucifer spp.,Internal training,Not routinely identified
Lucifer typus m,2010-06-17,Lucifer spp.,Internal training,Not routinely identified
Labidocera kroyeri f,2008-09-29,,,
Lucifer spp. f,2010-06-18,Lucifer spp.,Internal training,
Heterorhabdus papilliger f,2008-09-29,,,
Pleuromamma xiphias f,2008-09-29,,,
Pterotracheoidea,2008-09-29,,,
Onychocorycaeus pumilus f,2010-01-12,Corycaeus spp.,Internal training Dahl & Tanaka,
Subeucalanus spp. m,2008-09-29,,,
Calanus australis CV,2008-09-29,,,Not routinely counted; normally counted as Calanid CV
Subeucalanus spp. f,2008-09-29,,,
Pareucalanus langae f,2008-09-29,,,
Urochordate,2008-09-29,,,
Oncaea venusta medium f,2010-09-23,Oncaea venusta complex f,External training Ruth Bottger Schnack,
Undinula vulgaris CII,2008-09-29,,,Not routinely counted; normally counted as Calanid CII
Oncaea mediterranea slender f,2010-09-23,Oncaea mediterranea complex f,External training Ruth Bottger Schnack,
Evadne nordmanni m,2010-03-24,Evadne nordmanni,Internal training,
Triconia conifera complex f,2010-09-23,Oncaea spp. f,External training Ruth Bottger Schnack,
Subeucalanus subtenuis f,2008-09-29,,,
Oithona Grp6 (square head) f,2010-10-20,Oithona spp. f,,Includes Diothona oculata D. rigida Oithona brevicornis O. decipiens O. fallax O. nana O. similis (WA use only)
Centropages australiensis,2008-09-29,,,
Abylidae,2010-09-14,Siphonophore,Taxonomic workshop,Not routinely identified
Oncaea mediterranea broad f,2010-09-23,Oncaea mediterranea complex f,External training Ruth Bottger Schnack,
Neocalanus gracilis f,2008-09-29,,,
Cladoceran f,2010-03-24,Cladoceran,Internal training,
Ophiurida larvae,2011-02-24,Echinoderm larvae,,Not routinely identified
Podon intermedius f gravid,2010-03-24,Podon spp.,Internal training,
Calanoides spp. f,2008-09-29,,,Australian species currently being reviewed by Janet Bradford-Greive
Asteroidea larvae,2008-09-29,,,
Tisbidae spp. f,2008-09-29,,,
Pontella spp. j,2008-09-29,,,
Heterorhabdus spp. f,2008-09-29,,,
Centropages calaninus f,2008-09-29,,,
Oithona setigera f,2011-07-08,Oithona Grp3 (pointy head) f,External training Dave McKinnon,Identified as largest of the larger Oithona
Eucalanus hyalinus f,2008-09-29,,,
Fritillaria pellucida,2011-07-01,Fritillariidae,External training Mark Gibbons,
Oithona decipiens/similis f,2011-07-08,Oithona Grp1 (flat head) f,External training Dave McKinnon,Used in NRS/AusCPR as splitting them requires disection
Oithona nana f,2011-07-08,Oithona Grp1 (flat head) f,External training Dave McKinnon,
Doliolum nationalis,2010-01-14,Doliolum spp.,External training Mark Gibbons,
Tortanus barbatus m,2008-09-29,,,
Poecilostomatoida / Cyclopoid j,2008-09-29,,,
Corycaeus crassiusculus f,2010-01-12,Corycaeus spp.,Internal training Dahl & Tanaka,
Harpacticoid m,2008-09-29,,,
Acartia spp. f,2008-09-29,,,
Acartia spp. m,2008-09-29,,,
Candacia discaudata f,2008-09-29,,,
Candacia discaudata m,2008-09-29,,,
Rhincalanus rostrifrons m,2008-09-29,,,
Candacia spp.,2008-09-29,,,
Nannocalanus minor,2008-09-29,,,
Calanidae,2008-09-29,,,
Lucifer spp. mysis,2010-06-17,Lucifer spp.,Internal training,
Lucifer spp. protozoea,2010-06-17,Lucifer spp.,Internal training,
Microsetella rosea,2008-09-29,,,
Sagitta bipunctata,2010-09-23,Chaetognatha,External training Mark Gibbons,Not routinely identified
Euchaeta indica f,2008-09-29,,,
Microsetella spp. j,2008-09-29,,,
Acartia simplex m,2008-09-29,,,
Acartia tonsa m,2008-09-29,,,
Euchaeta rimana m,2008-09-29,,,
Macrosetella gracilis,2008-09-29,,,
Oncaea venusta venella no hump f,2010-09-23,Oncaea venusta complex f,External training Ruth Bottger Schnack,
Euchaeta marinella m,2008-09-29,,,
Centropages furcatus j,2008-09-29,,,
Narcomedusae,2010-01-11,Medusa,Taxonomic workshop,
Temora discaudata j,2008-09-29,,,
Corycaeus crassiusculus m,2010-01-12,Corycaeus spp.,Internal training Dahl & Tanaka,
Clausocalanus farrani f (<1.00mm),2009-10-12,Clausocalanus spp. f,Internal training Frost & Fleminger,
Copilia spp. j,2008-09-29,,,
Phaenna spinifera j,2008-09-29,,,
Onychocorycaeus ovalis f,2010-01-12,Corycaeus spp.,Internal training Dahl & Tanaka,
Ditrichocorycaeus asiaticus m,2010-01-12,Corycaeus spp.,Internal training Dahl & Tanaka,
Calanopia elliptica m,2008-09-29,,,
Oithona spp. f,2008-09-29,,,
Triconia dentipes complex f,2010-09-23,Oncaea spp. f,External training Ruth Bottger Schnack,
Clausocalanus farrani/jobei f (1.00mm>x<1.2mm),2009-10-12,Clausocalanus spp. f,Internal training,Cant separate the two species routinely so this is used when sizes overlap
Paroithona spp. f,2011-07-08,Oithona Grp4 (round head) f,External training Dave McKinnon,
Cladoceran j,2008-09-29,,,
Aetideus armatus f,2008-09-29,,,
Oithona spp. small m,2008-09-29,,,Used for all Oithona males greater than 0.8 mm in size; Oithonidae males not routinely speciated
Pleuromamma spp. f,2008-09-29,,,
Pleuromamma spp. m,2008-09-29,,,
Copilia spp. f,2008-09-29,,,
Temora spp. f,2008-09-29,,,
Temora spp. m,2008-09-29,,,
Ctenocalanus vanus,2008-09-29,,,
Clytemnestra spp.,2008-09-29,,,
Lucicutia spp.,2008-09-29,,,
Farranula rostrata f,2010-01-12,Corycaeus spp.,Internal training Dahl & Tanaka,
Sapphirina ovatolanceolata / gemma m,2008-09-29,,,
Sapphirina angusta m,2008-09-29,,,
Pontella spp.,2008-09-29,,,
Monocorycaeus robustus f,2010-01-12,Corycaeus spp.,Internal training Dahl & Tanaka,
Agetus flaccus f,2010-01-12,Corycaeus spp.,Internal training Dahl & Tanaka,
Pleuromamma gracilis f,2008-09-29,,,
Paracalanus spp.,2008-09-29,,,
Subeucalanus pileatus f,2008-09-29,,,
Undinula vulgaris CIV,2008-09-29,,,Not routinely counted; normally counted as Calanid CIV
Neocalanus spp. j,2008-09-29,,,
Euchirella rostrata f,2008-09-29,,,
Neocalanus tonsus f,2008-09-29,,,
Euchaeta spp. m,2008-09-29,,,
Harpacticoid,2008-09-29,,,
Oithona spp.,2008-09-29,,,
Sapphirina spp.,2008-09-29,,,
Oncaea spp.,2008-09-29,,,May include Triconia spp.
Poecilostomatoida / Cyclopoid,2008-09-29,,,
Euchaeta spp.,2008-09-29,,,
Calanidae f,2008-09-29,,,
Calanidae m,2008-09-29,,,
Oncaea spp. f,2008-09-29,,,May include Triconia spp.
Oncaea spp. m,2008-09-29,,,Oncaeidae males not routinely speciated unless found coupled or assigned to a dominant female count
Paracalanus spp. m,2008-09-29,,,
Pontellidae j,2008-09-29,,,
Penilia avirostris m,2010-03-24,Penilia avirostris,Internal training,
Oithona Grp5 (orange furcae) f,2010-10-20,Oithona spp. f,,Includes Diothona rigida (WA use only)
Pseudevadne tergestina f gravid,2010-03-24,Pseudevadne tergestina,Internal training,
Euchaeta rimana f,2008-09-29,,,
Onychocorycaeus giesbrechti m,2010-01-12,Corycaeus spp.,Internal training Dahl & Tanaka,
Acartia australis f,2008-09-29,,,
Ctenophore,2008-09-29,,,
Siphonophore diphyidae,2010-09-14,Siphonophore,External training Mark Gibbons,Not routinely identified
Calanus australis,2008-09-29,,,
Cladoceran f gravid,2010-03-24,Cladoceran,Internal training,
Podon intermedius f,2010-03-24,Podon spp.,Internal training,
Metridia gerlachei f,2008-09-29,,,
Neocalanus gracilis m,2008-09-29,,,
Evadne nordmanni f gravid,2010-03-24,Evadne nordmanni,Internal training,
Squillidae,2008-09-29,,,
Cladoceran,2008-09-29,,,
Candacia ethiopica,2008-09-29,,,
Mollusc,2008-09-29,,,
Podon intermedius m,2010-03-24,Podon spp.,Internal training,
Centropages gracilis f,2008-09-29,,,
Copepod j,2008-09-29,,,
Parvocalanus crassirostris i,2010-09-16,Parvocalanus spp. j,Internal training,
Calocalanus contractus m,2008-09-29,Calocalanus spp. f,,Not routinely counted; normally counted as Calocalanus spp.
Pleuromamma borealis,2008-09-29,,,
Heterorhabdus spp.,2008-09-29,,,
Heterorhabdus austrinus,2008-09-29,,,
Oncaea curvata,2008-09-29,,,
Rhincalanus gigas,2008-09-29,,,
Pleuromamma robusta,2008-09-29,,,
Calocalanus spp.,2008-09-29,,,
Ctenocalanus citer,2008-09-29,,,
Triconia antarctica,2008-09-29,,,
Paralabidocera antarctica,2008-09-29,,,
Calanus simillimus,2008-09-29,,,
Vibilia armata,2008-09-29,Hyperiid amphipod,,Not routinely identified
Thalia spp.,2008-09-29,,,
Thysanoessa gregaria,2008-09-29,,,Speciated routinely in SO samples
Calanus simillimus CV,2008-09-29,,,Not routinely counted; normally counted as Calanid CV
Thysanoessa vicina/macrura calyptopis,2008-09-29,,,Speciated routinely in SO samples
Vibilia spp.,2008-09-29,Hyperiid amphipod,,Not routinely identified
Subeucalanus longiceps,2008-09-29,,,
Euphausia crystallorophias,2008-09-29,,,Speciated routinely in SO samples
Euphausia hanseni calyptopis,2008-09-29,,,Speciated routinely in SO samples
Thysanoessa vicina/macrura,2008-09-29,,,Speciated routinely in SO samples
Pleuromamma CIV,2008-09-29,,,
Metridia longa,2008-09-29,,,
Large copepodite CIV,2008-09-29,,,
Calanus spp.,2008-09-29,,,
Large copepodite CIII,2008-09-29,,,
Euphausia lucens,2008-09-29,,,Speciated routinely in SO samples
Euchirella spp.,2008-09-29,,,
Euphausia spinifera furcilia,2008-09-29,,,Speciated routinely in SO samples
Branchiopoda,2008-09-29,,,
Hyperiella spp.,2008-09-29,Hyperiid amphipod,,Not routinely identified
Euphausia superba calyptopis,2008-09-29,,,Speciated routinely in SO samples
Euphausia recurva,2008-09-29,,,Speciated routinely in SO samples
Hyperiella antarctica,2008-09-29,Hyperiid amphipod,,Not routinely identified
Neocalanus tonsus CIV,2008-09-29,Calanid CIV,,Not routinely counted; normally counted as Calanid CIV
Solidosagitta marri,2010-09-23,Chaetognatha,External training Mark Gibbons,Not routinely identified
Large copepodite CII,2008-09-29,,,
Alciopidae,2008-09-29,,,
Hyperiella dilatata,2008-09-29,Hyperiid amphipod,,Not routinely identified
Spongiobranchaea australis,2008-09-29,Gastropod,,Not routinely identified
Scolecithricella spp.,2008-09-29,,,
Cyllopus lucasii,2008-09-29,Amphipod,,Not routinely identified
Chelophyes spp.,2011-07-01,Sipunculid worm larvae,External training Mark Gibbons,Not routinely identified
Limacina helicina,2008-09-29,Limacina,,Not routinely identified
Euphausia spinifera calyptopis,2008-09-29,,,Speciated routinely in SO samples
Euphausia similis var. armata,2008-09-29,,,Speciated routinely in SO samples
Sagittidae,2010-09-23,Chaetognatha,External training Mark Gibbons,
Paraeuchaeta cf. barbata,2008-09-29,,,
Limacina retroversa,2008-09-29,Limacina,,Not routinely identified
Primno macropa,2008-09-29,Hyperiid amphipod,,Not routinely identified
Small copepodite CI-CIII,2008-09-29,,,
Euphausia crystallorophias calyptopis,2008-09-29,,,Speciated routinely in SO samples
Radiozoa,2008-09-29,,,
Large copepodite CI,2008-09-29,,,
Tomopteris carpenteri,2008-09-29,,,
Scina spp.,2008-09-29,Hyperiid amphipod,,Not routinely identified
Euphausia hanseni furcilia,2008-09-29,,,Speciated routinely in SO samples
Pseudosagitta gazellae,2010-09-23,Chaetognatha,External training Mark Gibbons,Not routinely identified
Euphausia triacantha,2008-09-29,,,Speciated routinely in SO samples
Eucalanus spp. CIV,2008-09-29,,,
Iospilidae,2008-09-29,,,
Rhincalanus gigas CIV-CV,2008-09-29,,,Not routinely counted; normally counted as Calanid CIV-CV
Large copepodite CV,2008-09-29,,,
Themisto gaudichaudii,2008-09-29,Hyperiid amphipod,,Not routinely identified
Euphausia triacantha calyptopis,2008-09-29,,,Speciated routinely in SO samples
Salpa thompsoni sol,2008-09-29,,,
Euphausia frigida,2008-09-29,,,Speciated routinely in SO samples
Nyctiphanes australis furcilia,2008-09-29,,,Speciated routinely in SO samples
Rhincalanus gigas CIII,2008-09-29,,,
Hyperia spp.,2008-09-29,Hyperiid amphipod,,Not routinely identified
Vanadis longissima,2008-09-29,,,
Fish scales,2008-09-29,,,
Clio pyramidata,2008-09-29,Cavoliniidae,,Not routinely identified
Rhincalanus gigas CIV,2008-09-29,,,
Euphausia longirostris furcilia,2008-09-29,,,Speciated routinely in SO samples
Euphausia superba furcilia,2008-09-29,,,Speciated routinely in SO samples
Nematoscelis megalops,2008-09-29,,,
Thysanoessa vicina/macrura furcilia,2008-09-29,,,Speciated routinely in SO samples
Phronima spp.,2008-09-29,Hyperiid amphipod,,Not routinely identified
Euphausia longirostris calyptopis,2008-09-29,,,Speciated routinely in SO samples
Pleuromamma CIII,2008-09-29,,,
Euphausia vallentini calyptopis,2008-09-29,,,Speciated routinely in SO samples
Siphonophore / nectophore,2008-09-29,,,
Opisthobranchia,2008-09-29,,,
Rhincalanus spp. CI,2008-09-29,,,
Paraeuchaeta biloba,2008-09-29,,,
Clione antarctica,2008-09-29,Cavoliniidae,,Not routinely identified
Pelagobia longicirrata,2008-09-29,,,
Nyctiphanes australis,2008-09-29,,,Speciated routinely in SO samples
Euphausia similis,2008-09-29,,,Speciated routinely in SO samples
Small copepodite CIV,2008-09-29,,,
Euphausia crystallorophias furcilia,2008-09-29,,,Speciated routinely in SO samples
Myctophid,2008-09-29,,,
Euphausia superba,2008-09-29,,,Speciated routinely in SO samples
Euphausia triacantha furcilia,2008-09-29,,,Speciated routinely in SO samples
Euphausia spinifera,2008-09-29,,,Speciated routinely in SO samples
Eucalanidae CII,2008-09-29,,,
Euphausia frigida furcilia,2008-09-29,,,Speciated routinely in SO samples
Pterotracheid,2008-09-29,,,
Serratosagitta bierii,2010-09-23,Chaetognatha,External training Mark Gibbons,Not routinely identified
Dimophyes arctica,2011-07-01,Siphonophore,External training Mark Gibbons,Not routinely identified
Diphyes chamissonis,2010-09-14,Siphonophore,External training Mark Gibbons,Not routinely identified
Diphyes dispar,2011-07-01,Siphonophore,External training Mark Gibbons,Not routinely identified
Chelophyes appendiculata,2010-09-14,Siphonophore,External training Mark Gibbons,Not routinely identified
Chelophyes contorta,2011-07-01,Siphonophore,External training Mark Gibbons,Not routinely identified
Oncaea tregoubovi f,2010-09-23,Oncaea media complex f,External training Ruth Bottger Schnack,
Eudoxoides mitra,2011-07-01,Siphonophore,External training Mark Gibbons,Not routinely identified
Eudoxoides spiralis,2010-09-14,Siphonophore,External training Mark Gibbons,
Oithona similis f,2011-07-08,Oithona Grp1 (flat head) f,External training Dave McKinnon,Used in SO where O. decipens does not occur
Parasagitta spp.,2010-09-23,Chaetognatha,External training Mark Gibbons,Not routinely identified
Zonosagitta pulchra,2010-09-23,Chaetognatha,External training Mark Gibbons,Not routinely identified
Abylopsis spp.,2011-07-01,Siphonophore,External training Mark Gibbons,Not routinely identified
Dolioletta spp.,2011-07-01,Doliolum spp.,External training Mark Gibbons,
Soestia zonaria agg,2011-07-01,Salpidae,External training Mark Gibbons,
Lensia spp.,2010-09-14,Siphonophore,External training Mark Gibbons,Not routinely identified
Hemichordate larvae,2008-09-29,,,
Gladioferens pectinatus f,2008-09-29,,,
Cydippida,2008-09-29,,,
Oikopleura spp.,2011-07-01,Oikopleuridae,External training Mark Gibbons,Not routinely identified
Oncaea venusta typica m,2010-09-23,Oncaea venusta complex f,External training Ruth Bottger Schnack,Oncaeidae males not routinely speciated unless found coupled or assigned to a dominant female count
Paraeuchaeta barbata m,2008-09-29,,,
Heterorhabdus papilliger,2008-09-29,,,
Ditrichocorycaeus minimus f,2010-01-12,Corycaeus spp.,Internal training Dahl & Tanaka,
Euphausia longirostris,2008-09-29,,,Speciated routinely in SO samples
Calanoid copepods (small),2008-09-29,,,
Metridia spp. j,2008-09-29,,,
Protomyctophum spp.,2008-09-29,Fish larvae,,Not routinely identified
Euphausia frigida calyptopis,2008-09-29,,,Speciated routinely in SO samples
Euphausia vallentini furcilia,2008-09-29,,,Speciated routinely in SO samples
Paraeuchaeta antarctica,2008-09-29,,,
Clio spp.,2008-09-29,Cavoliniidae,,Not routinely identified
Nauplii crustracean,2008-09-29,,,
Euphausia vallentini,2008-09-29,,,Speciated routinely in SO samples
Ctenocalanus spp.,2008-09-29,,,
Salpa thompsoni agg,2008-09-29,,,
Vibilia antarctica,2008-09-29,Hyperiid amphipod,,Not routinely identified
Nyctiphanes australis calyptopis,2008-09-29,,,Speciated routinely in SO samples
Eukrohnia hamata,2010-09-23,Chaetognatha,External training Mark Gibbons,Not routinely identified
Rhincalanus spp. CII,2008-09-29,,,
Large copepodite CI-CIII,2008-09-29,,,
Vanadis antarctica,2008-09-29,,,
Euphausia hanseni,2008-09-29,,,Speciated routinely in SO samples
Centropages aucklandicus,2008-09-29,,,
Oncaea clevei complex f,2008-09-29,,,
Oncaea media f,2010-09-23,Oncaea media complex f,External training Ruth Bottger Schnack,
Oithona brevicornis f,2011-07-08,Oithona Grp1 (flat head) f,External training Dave McKinnon,
Plastic (NRS),2008-09-29,,,
Gladioferens inermis m,2008-09-29,,,
Nauplii calanoid (Rhincalanus?),2008-09-29,Nauplii calanoid,,Not routinely identified
Magelona spp.,2008-09-29,,,
Calocalanus tenuis f,2008-09-29,Calocalanus spp. f,,Not routinely counted; normally counted as Calocalanus spp.
Creseis spp.,2008-09-29,Cavoliniidae,,Not routinely counted; normally counted as Cavonlinnidae
Pontellidae,2008-09-29,,,
Candacia falcifera f,2008-09-29,,,
Candacia maxima f,2008-09-29,,,
Candacia maxima m,2008-09-29,,,
Ctenocalanus citer f,2008-09-29,,,
Ctenocalanus citer m,2008-09-29,,,
Oithona frigida f,2011-07-08,,,
Oithona frigida m,2011-07-08,Oithona spp. small m,,Oithonidae males not routinely speciated
Triconia antarctica f,2008-09-29,,,
Triconia antarctica m,2008-09-29,,,
Oncaea curvata f,2008-09-29,,,
Oncaea curvata m,2008-09-29,,,
Onchocalanus spp. f,2008-09-29,,,
Onchocalanus spp. m,2008-09-29,,,
Canthocalanus pauper CV,2008-09-29,,,Not routinely counted; normally counted as Calanid CV
Nannocalanus minor CV,2008-09-29,,,Not routinely counted; normally counted as Calanid CV
Solmundella bitentaculata,2008-09-29,Medusa,External training Mark Gibbons,Not routinely identified
Gladioferens inermis f,2008-09-29,,,
Oncaea atlantica complex m,2010-09-23,,,
Heterorhabdus lobatus f,2008-09-29,,,
Thysanoessa macrura CIII,2008-09-29,,,Speciated routinely in SO samples
Thysanoessa gregaria furcilia,2008-09-29,,,Speciated routinely in SO samples
Thysanoessa macrura furcilia,2008-09-29,,,Speciated routinely in SO samples
Thysanoessa macrura FI,2008-09-29,,,Speciated routinely in SO samples
Nauplii Rhincalanus gigas,2008-09-29,Nauplii calanoid,,Not routinely identified
Plastic (AusCPR),2013-01-01,,,
Thysanoessa macrura,2008-09-29,,,Speciated routinely in SO samples
Thysanoessa macrura CII,2008-09-29,,,Speciated routinely in SO samples
Oculosetella gracilis,2008-09-29,,,
Centropages elongatus f,2008-09-29,,,
Centropages gracilis m,2008-09-29,,,
Gastropod operculum,2008-09-29,,,
Centropages bradyi j,2008-09-29,,,
Euchaeta acuta m,2008-09-29,,,
Primno spp.,2012-05-08,Hyperiid amphipod,,Not routinely identified
Pareucalanus sewelli f,2008-09-29,,,
Salpidae sol,2013-07-24,Salpidae,Internal training,
Pareucalanus sewelli m,2008-09-29,,,
Paracalanus indicus i,2010-09-16,Paracalanus spp. j,Internal training,
Euchirella spp. j,2008-09-29,,,
Calanopia australica f,2008-09-29,,,
Agetus spp. j,2010-01-12,Corycaeus spp.,Internal training Dahl & Tanaka,
Lubbockia spp. m,2008-09-29,,,
Calanoides acutus m,2008-09-29,,,Australian species currently being reviewed by Janet Bradford-Greive
Paraeuchaeta antarctica f,2008-09-29,,,
Paraeuchaeta antarctica m,2008-09-29,,,
Paraeuchaeta exigua f,2008-09-29,,,
Paraeuchaeta exigua m,2008-09-29,,,
Paralabidocera antarctica f,2008-09-29,,,
Paralabidocera antarctica m,2008-09-29,,,
Rhincalanus gigas f,2008-09-29,,,
Rhincalanus gigas m,2008-09-29,,,
Stephos longipes f,2008-09-29,,,
Stephos longipes m,2008-09-29,,,
Pterosagitta draco,2010-09-23,Chaetognatha,External training Mark Gibbons,Not routinely identified
Pleuromamma quadrungulata m,2008-09-29,,,
Paraeuchaeta tumidula f,2008-09-29,,,
Oithona australis f,2011-07-08,Oithona Grp2 (diamond) f,External training Dave McKinnon,
Calanoides macrocarinatus f,2008-09-29,,,Australian species currently being reviewed by Janet Bradford-Greive
Calanoides macrocarinatus m,2008-09-29,,,Australian species currently being reviewed by Janet Bradford-Greive
Calanus propinquus f,2008-09-29,,,
Calanus propinquus m,2008-09-29,,,
Calanus simillimus f,2008-09-29,,,
Calanus simillimus m,2008-09-29,,,
Paraeuchaeta biloba f,2008-09-29,,,
Paraeuchaeta biloba m,2008-09-29,,,
Oithona similis m,2011-07-08,Oithona Grp1 (flat head) f,,Used in SO where O. decipens does not occur; Oithonidae males not routinely speciated
Microcalanus pygmaeus m,2008-09-29,,,
Acartia tranteri,2008-09-29,,,
Corycaeus vitreus m,2010-01-12,Corycaeus spp.,Internal training Dahl & Tanaka,
Centropages orsinii,2008-09-29,,,
Euchirella rostromagna m,2008-09-29,,,
Haloptilus oxycephalus f,2008-09-29,,,
Haloptilus oxycephalus m,2008-09-29,,,
Metridia gerlachei m,2008-09-29,,,
Microcalanus pygmaeus f,2008-09-29,,,
Paraeuchaeta barbata f,2008-09-29,,,
Pleuromamma robusta f,2008-09-29,,,
Pleuromamma robusta m,2008-09-29,,,
Scolecithricella minor f,2008-09-29,,,
Scolecithricella minor m,2008-09-29,,,
Oithona tenuis f,2011-07-08,Oithona Grp3 (pointy head) f,External training Dave McKinnon,
Oithona attenuata stocky f,2011-07-08,Oithona Grp2 (diamond) f,External training Dave McKinnon,
Clausocalanus brevipes,2008-09-29,Clausocalanus spp. f,Internal training Frost & Fleminger,
Candacia cheirura,2008-09-29,,,
Acartia danae,2008-09-29,,,
Pleuromamma abdominalis,2008-09-29,,,
Pleuromamma gracilis,2008-09-29,,,
Paraeuchaeta exigua,2008-09-29,,,
Stephos longipes,2008-09-29,,,
Drepanopus spp.,2008-09-29,,,
Metridia lucens,2008-09-29,,,
Centropages bradyi,2008-09-29,,,
Pleuromamma piseki,2008-09-29,,,
Clausocalanus laticeps,2008-09-29,,Internal training Frost & Fleminger,Identified from the SO with sexing
Neocalanus tonsus,2008-09-29,,,
Oithona similis,2011-07-08,Oithona Grp1 (flat head) f,,Used in SO where O. decipens does not occur
Candacia maxima,2008-09-29,,,
Oithona frigida,2011-07-08,,,
Onchocalanus spp.,2008-09-29,,,
Microcalanus pygmaeus,2008-09-29,,,
Clausocalanus spp.,2008-09-29,,Internal training Frost & Fleminger,
Euchirella rostromagna,2008-09-29,,,
Candacia falcifera,2008-09-29,,,
Calanoides macrocarinatus,2008-09-29,,,Australian species currently being reviewed by Janet Bradford-Greive
Mecynocera clausi,2008-09-29,,,
Metridia spp.,2008-09-29,,,
Paraheterorhabdus farrani,2008-09-29,,,
Metridia gerlachei,2008-09-29,,,
Calanus propinquus,2008-09-29,,,
Haloptilus oxycephalus,2008-09-29,,,
Heterorhabdus lobatus,2008-09-29,,,
Scolecithricella minor,2008-09-29,,,
Calanoides acutus,2008-09-29,,,Australian species currently being reviewed by Janet Bradford-Greive
Mesocalanus j,2008-09-29,,,
Heterorhabdus lobatus m,2008-09-29,,,
Acrocalanus spp. j,2008-09-29,Calanoid j,,Not counted routinely; normally counted as calanoid j
Branchiostoma spp.,2008-09-29,,,
Auricularia spp. larvae,2015-11-01,Decapod larvae,External training David Conway,
Lingula spp. larvae,2008-09-29,Brachiopoda,,Not routinely identified
Cumacea,2008-09-29,,,
Doliolidae,2008-09-29,,,
Calocalanus plumulosus j,2008-09-29,,,
Metacalanus aurivillii m,2008-09-29,,,
Oithona plumifera j,2011-07-08,Oithona Grp3 (pointy head) f,,
Kelleria spp. m,2008-09-29,,,
Caridea zoea,2008-09-29,,,
Labidocera laevidentata f,2008-09-29,,,
Rotalia spp.,2013-03-22,No previous id,,Tintinnids and Forams not counted in zooplankton NRS before March 2013
Oncaea venusta complex j,2008-09-29,,,
Pilidium larvae,2008-09-29,Nematoda,,Not routinely identified
Terebellidae,2008-09-29,,,
Scolecithricella spp. j,2008-09-29,,,
Pontellina spp.,2008-09-29,,,
Subeucalanus spp.,2008-09-29,,,
Thysanoessa spp.,2008-09-29,,,Speciated routinely in SO samples
Brachiolaria larvae,2015-11-01,Decapod larvae,External training David Conway,
Scolecithrix danae j,2008-09-29,,,
Acartia pacifica j,2008-09-29,,,
Spinoncaea spp. m,2008-09-29,,,
Tortanus spp.,2008-09-29,,,
Paracalanus spp. i,2010-09-16,Paracalanus spp. j,Internal training in intersexes by Felipe Gusmao,
Oxycephalidae,2012-08-28,Hyperiid amphipod,,Not routinely identified
Evadne spinifera m,2010-03-24,Evadne spinifera,Internal training,
Paraeuchaeta spp. m,2008-09-29,,,
Paraeuchaeta spp. f,2008-09-29,,,
Abylopsis eschscholtzii,2010-09-14,Siphonophore,,Not routinely identified
Sulculeolaria spp.,2010-09-14,,,
Gonophores unid,2011-07-01,Siphonophore,,Not routinely identified
Candacia bipinnata,2008-09-29,,,
Scolecitrichidae m,2008-09-29,,,
Heterorhabdus spinifrons m,2008-09-29,,,
Scaphocalanus brevicornis f,2008-09-29,,,
Ostracod gravid,2012-10-15,Ostracod,Internal training,Not routinely identified
Candacia worthingtoni f,2008-09-29,,,
Euchaeta longicornis f,2008-09-29,,,
Ditrichocorycaeus minimus m,2013-03-22,Corycaeus spp.,Internal training Dahl & Tanaka,
Cyttarocylis spp.,2013-03-22,No previous id,,Tintinnids and Forams not counted in zooplankton NRS before March 2013
Brachyuran megalopa,2008-09-29,Megalope,,Not counted routinely; normally counted as megalope
Foraminifera,2013-03-22,No previous id,,Tintinnids and Forams not counted in zooplankton NRS before March 2013
Ascampbelliella spp.,2013-03-22,No previous id,,Tintinnids and Forams not counted in zooplankton NRS before March 2013
Undella spp.,2013-03-22,No previous id,,Tintinnids and Forams not counted in zooplankton NRS before March 2013
Codonellopsis orthoceras,2013-03-22,No previous id,,Tintinnids and Forams not counted in zooplankton NRS before March 2013
Clausocalanus ingens m,2009-10-12,,Internal training Frost & Fleminger,Clausocalanus males not routinely speciated
Calanidae j,2008-09-29,,,
Farranula rostrata m,2010-01-12,,,Farranula males not routinely speciated
Cephalopoda j,2008-09-29,,,
Tintinnina ,2011-01-01,No previous id,,Tintinnids and Forams not counted in zooplankton NRS before March 2013
Oithona decipiens f,2011-07-08,Oithona Grp1 (flat head) f,,
Acartia pacifica mertoni f,2008-09-29,,,
Calanopia spp.,2008-09-29,,,
Canthocalanus pauper,2008-09-29,,,
Mesocalanus spp. CV,2008-09-29,,,Not routinely counted; normally counted as Calanid CV
Undinula vulgaris,2008-09-29,,,
Euphausid larvae,2008-09-29,,,
Farranula gibbula m,2010-01-12,,,Farranula males not routinely speciated
Haloptilus longicornis f,2008-09-29,,,
Heterorhabdus papilliger m,2008-09-29,,,
Heterorhabdus spp. m,2008-09-29,,,
Temora turbinata j,2008-09-29,,,Not counted routinely; normally counted as Temora j
Oithona fallax f,2011-07-08,Oithona Grp1 (flat head) f,External training Dave McKinnon,
Oncaea atlantica complex f,2010-09-23,,,
Oncaea zernovi complex f,2010-09-23,Oncaea spp. f,,Not routinely identified
Oncaea zernovi complex m,2010-09-23,Oncaea spp. m,,Oncaeidae males not routinely speciated unless found coupled or assigned to a dominant female count
Scolecithricella spp. f,2008-09-29,,,
Scolecithrix bradyi f,2008-09-29,,,
Spinoncaea spp. f,2008-09-29,,,
Sulcanus conflictus j,2008-09-29,,,
Pontella novaezealandiae m,2008-09-29,,,
Poecilostomatoida / Cyclopoid m,2008-09-29,,,
Acartia fossae m,2008-09-29,,,
Stephos maculosus f,2008-09-29,,,
Oithona simplex m,2011-07-08,Oithona spp. small m,,Oithonidae males not routinely speciated
Triconia conifera complex m,2010-09-23,Oncaea spp. m,,Not routinely identified
Acartia pacifica,2008-09-29,,,
Triconia dentipes f,2010-09-23,Oncaea spp. f,External training Ruth Bottger Schnack,
Dioithona rigida m,2011-07-08,Oithona spp. small m,,Oithonidae males not routinely speciated
Triconia spp. m,2010-09-23,Oncaea spp. f,External training Ruth Bottger Schnack,
Oncaea venusta medium m,2010-09-23,,,Oncaeidae males not routinely speciated unless found coupled or assigned to a dominant female count
Neocalanus gracilis CV,2008-09-29,,,Not routinely counted; normally counted as Calanid CV
Calanoides spp.,2008-09-29,,,Australian species currently being reviewed by Janet Bradford-Greive
Pareucalanus spp.,2008-09-29,,,
Labidocera farrani f,2008-09-29,,,
Oithona attenuata f,2011-07-08,Oithona Grp2 (diamond) f,External training Dave McKinnon,
Corycaeidae m,2008-09-29,Corycaeus spp.,Internal training Dahl & Tanaka,
Corycaeidae f,2008-09-29,Corycaeus spp.,Internal training Dahl & Tanaka,
Acartia bispinosa m,2008-09-29,,,
Mesosagitta minima,2010-09-23,Chaetognatha,External training Mark Gibbons,Not routinely identified
Ctenocalanus spp. j,2008-09-29,Calanoid j,,Not counted routinely; normally counted as calanoid j
Euchirella rostrata,2008-09-29,,,
Salpa fusiformis,2008-09-29,Salpidae,,Not routinely identified
Ditrichocorycaeus spp.,2010-01-12,Corycaeus spp.,Internal training Dahl & Tanaka,
Rhincalanus cornutus j,2008-09-29,Rhincalanidae j,,Not routinely counted; normally counted as Rhincalanus j
Nyctiphanes spp.,2008-09-29,,,Speciated routinely in SO samples
Lucicutia gaussae m,2008-09-29,,,
Parundinella dakini m,2008-09-29,,,
Parundinella dakini f,2008-09-29,,,
Eucalanus hyalinus m,2008-09-29,,,
Acartia clausi f,2008-09-29,,,
Dioithona oculata f,2011-07-08,Oithona Grp5 (orange furcae) f,External training Dave McKinnon,
Labidocera tasmanica f,2008-09-29,,,
Cyttarocylis ampulla,2013-03-22,No previous id,,Tintinnids and Forams not counted in zooplankton NRS before March 2013
Stephos maculosus m,2008-09-29,,,
Thysanoessa macrura FIII,2008-09-29,,,Speciated routinely in SO samples
Hyperiid j,2008-09-29,,,
Travisiopsis spp.,2013-01-01,Polychaete,,Not routinely identified
Lubbockia squillimana m,2008-09-29,,,
Amphinema spp.,2011-07-01,Medusa,External training Mark Gibbons,Not routinely identified
Fritillaria borealis sargassi,2011-07-01,Fritillariidae,,Not routinely identified
Rhabdonella spp.,2013-03-22,No previous id,,Tintinnids and Forams not counted in zooplankton NRS before March 2013
Oncaea vodjanitskii complex f,2010-09-23,Oncaea spp. f,,Not routinely identified
Epiplocylis spp.,2013-03-22,No previous id,,Tintinnids and Forams not counted in zooplankton NRS before March 2013
Paraeuchaeta spp. j,2008-09-29,,,
Pleopis polyphemoides,2010-03-24,Cladoceran,,Not routinely identified
Isopod j,2008-09-29,,,
Euconchoecia spp.,2014-02-14,Ostracod,,Not routinely identified
Conchoecia spp.,2014-03-24,Ostracod,,Not routinely identified
Codonellopsis spp.,2013-03-22,No previous id,,Tintinnids and Forams not counted in zooplankton NRS before March 2013
Firoloida spp.,2008-09-29,,,
Oikopleura longicauda,2010-09-23,,,
Fritillaria borealis,2011-07-01,Fritillariidae,,Not routinely identified
Lensia multicristata,2010-09-14,Siphonophore,,Not routinely identified
Xystonella spp.,2013-03-22,No previous id,,Tintinnids and Forams not counted in zooplankton NRS before March 2013
Globigerinidae,2013-03-22,No previous id,,Tintinnids and Forams not counted in zooplankton NRS before March 2013
Labidocera farrani m,2008-09-29,,,
Labidocera kroyeri m,2008-09-29,,,
Pseudodiaptomus aurivillii m,2008-09-29,,,
Favella spp.,2013-03-22,No previous id,,Tintinnids and Forams not counted in zooplankton NRS before March 2013
Pontellidae m,2008-09-29,,,
Corycaeidae,2008-09-29,,,
Copilia lata f,2008-09-29,,,
Atlanta spp.,2014-08-13,,,
Labidocera acutifrons m,2008-09-29,,,
Lubbockia aculeata j,2008-09-29,,,
Paraeuchaeta longicornis f - UNACCEPTED,2008-09-29,,,
Jasus edwardsii,2014-09-04,Decapod larvae,External training David Conway,Not routinely identified
Pelagosphera larvae,2014-09-25,Sipunculid worm larvae,,Not routinely identified
Scaphocalanus curtus f,2008-09-29,,,
Pontellina spp. f,2008-09-29,,,
Clausocalanus lividus f,2009-10-12,Clausocalanus spp. f,Internal training Frost & Fleminger,
Calocalanus elongatus f,2008-09-29,,,
Neocalanus tonsus CV,2008-09-29,,,Not routinely counted; normally counted as Calanid CV
Thysanoessa gregaria furcilia FV,2008-09-29,,,Speciated routinely in SO samples
Thysanoessa gregaria furcilia FIV,2008-09-29,,,Speciated routinely in SO samples
Pleuromamma xiphias m,2008-09-29,,,
Lycaea pachypoda f,2014-11-27,Hyperiid amphipod,,Not routinely identified
Lycaea pachypoda m,2014-11-27,Hyperiid amphipod,,Not routinely identified
Ophiuroidea,2014-12-02,Echinoderm larvae,,Not routinely identified
Anthoathecata,2011-07-01,,,
Clytia spp.,2011-07-01,Medusa,,Not routinely identified
Nanomia spp.,2010-09-14,Siphonophore,,Not routinely identified
Dadayiella ganymedes,2013-03-22,No previous id,,Tintinnids and Forams not counted in zooplankton NRS before March 2013
Candacia bipinnata j,2008-09-29,,,
Scolecithricella dentata f,2008-09-29,,,
Acartia bispinosa f,2008-09-29,,,
Salpingella spp.,2013-03-22,No previous id,,Tintinnids and Forams not counted in zooplankton NRS before March 2013
Parundella spp.,2013-03-22,No previous id,,Tintinnids and Forams not counted in zooplankton NRS before March 2013
Pluteus larva,2014-10-30,Echinoderm larvae,,Not routinely identified
Fritillaria haplostoma,2011-07-01,Fritillariidae,,Not routinely identified
Leptomedusae,2010-01-11,Medusa,Taxonomic workshop,
Mollusc veliger,2013-10-14,,,
Echinospira larva,2014-10-27,Echinoderm larvae,,Not routinely identified
Calocalanus cf. longispinus,2008-09-29,,,
Fritillaria formica,2011-07-01,Fritillariidae,,Not routinely identified
Spionidae,2008-09-29,,,
Tectillaria fertilis,2010-09-23,,,
Scolecitrichidae j,2008-09-29,,,
Cypridina spp.,2014-05-12,Ostracod,,Not routinely identified
Brooksia rostrata,2010-01-14,,,
Acartia pietschmani f,2008-09-29,,,
Codonella spp.,2013-03-22,No previous id,,Tintinnids and Forams not counted in zooplankton NRS before March 2013
Pareucalanus attenuatus m,2008-09-29,,,
Pareucalanus attenuatus j,2008-09-29,,,
Pareucalanus attenuatus f,2008-09-29,,,
Parvocalanus spp. j,2008-09-29,,,
Lycaeopsidae,2013-12-20,Hyperiid amphipod,,Not routinely identified
Amallothrix tenuiserrata f,2008-09-29,,,
Tintinnopsis spp.,2013-03-22,No previous id,,Tintinnids and Forams not counted in zooplankton NRS before March 2013
Rhincalanus cornutus,2008-09-29,,,
Oncaea media m,2010-09-23,,,Not routinely identified
Clytemnestra longipes f,2008-09-29,,,
Brachiopoda larvae,2014-06-05,,,
Eucalanidae f,2008-09-29,,,
Desmopterus spp.,2008-09-29,,,
Centropages orsinii j,2008-09-29,,,
Oncaea spp. m <0.4mm,2015-05-01,Oncaea spp. m,Internal training,Better size discrimination of Oncaea/Triconia males
Oncaea spp. m 0.4<>0.7mm,2015-05-01,Oncaea spp. m,Internal training,Better size discrimination of Oncaea/Triconia males
Oncaea spp. m >0.7mm,2015-05-01,Oncaea spp. m,Internal training,Better size discrimination of Oncaea/Triconia males
Agalma spp.,2010-09-14,,,
Haloptilus spp. j,2008-09-29,,,
Holothurian auricularia larva,2014-12-18,Echinoderm larvae,,Not routinely identified
Pareucalanus spp. f,2008-09-29,,,
Euphausiid furcilia FI,2008-09-29,,,
Euphausiid furcilia FIV,2008-09-29,,,
Rhabdonella spiralis,2013-03-22,No previous id,,Tintinnids and Forams not counted in zooplankton NRS before March 2013
Euphausiid calyptope CI,2008-09-29,,,
Euphausiid calyptope CII,2008-09-29,,,
Euphausiid furcilia FIII,2008-09-29,,,
Eudoxoides spp.,2010-09-14,Siphonophore,External training Mark Gibbons,Not routinely identified
Pontoeciella spp. j,2008-09-29,,,Only 1 accepted species - P. abyssicola
Lipmanella dictyoceras,2015-03-06,Radiozoa,,Not routinely identified
Bipinnaria larva,2015-03-06,Echinoderm larvae,,Not routinely identified
Leprotintinnus nordqvisti,2013-03-22,No previous id,,Tintinnids and Forams not counted in zooplankton NRS before March 2013
Calanoides spp. CIV,2008-09-29,,,Australian species currently being reviewed by Janet Bradford-Greive
Euchirella rostromagna j,2008-09-29,,,
Ambunguipes spp.,2008-09-29,,,
Calanopia spp. m,2008-09-29,,,
Nyctiphanes australis FII,2008-09-29,,,Speciated routinely in SO samples
Nyctiphanes australis FIV,2008-09-29,,,Speciated routinely in SO samples
Codonellopsis morchella,2013-03-22,No previous id,,Tintinnids and Forams not counted in zooplankton NRS before March 2013
Scolecithricella longifurca m,2008-09-29,,,
Ephyra larva,2011-07-01,,,
Bestiolina similis i,2010-09-16,,,
Anomura megalopa larvae,2015-11-01,Decapod larvae,External training David Conway,
Polynoid polychaeta,2008-09-29,,,
Calanus australis CIV,2008-09-29,Calanid CIV,,Not routinely counted; normally counted as Calanid CIV
Diacria spp.,2008-09-29,,,
Diacavolinia longirostris,2008-09-29,,,
Euphysa spp.,2011-07-01,,,
Euconchoecia aculeata,2015-11-01,Ostracod,External training David Conway,
Clupeidae,2008-09-29,,,
Thysanoessa gregaria adult,2016-10-18,,,Speciated routinely in SO samples
Triconia dentipes complex m,2010-09-23,Oncaea spp. f,External training Ruth Bottger Schnack,
Ihlea magalhanica agg,2008-09-29,,,
Holothurian doliolaria larva,2014-12-18,Echinoderm larvae,,Not routinely identified
Amplectella tricollaria,2013-03-22,No previous id,,Tintinnids and Forams not counted in zooplankton NRS before March 2013
Triconia denticula f,2010-09-23,Oncaea spp. f,External training Ruth Bottger Schnack,Species confirmed by Ruth Boettger-Schnack 20150121.
Rhabdonella amor,2013-03-22,No previous id,,Tintinnids and Forams not counted in zooplankton NRS before March 2013
Bougainvillia spp.,2011-07-01,Medusa,,Not routinely identified
Nematoscelis megalops f,2008-09-29,,,
Euphausiid calyptope CIII,2008-09-29,,,
Euphausiid furcilia FV,2008-09-29,,,
Euphausiid furcilia FII,2008-09-29,,,
Sapphirina cf. nigromaculata m,2008-09-29,,,
Ophiopluteus,2015-11-01,Echinoderm larvae,External training David Conway,
Nyctiphanes australis FIII,2008-09-29,,,Speciated routinely in SO samples
Nyctiphanes australis FV,2008-09-29,,,Speciated routinely in SO samples
Podocoryna,2015-03-25,,,
Salpingella acuminata,2013-03-22,,,
Tintinnopsis lobiancoi,2013-03-22,No previous id,,Tintinnids and Forams not counted in zooplankton NRS before March 2013
Tintinnopsis radix,2013-03-22,No previous id,,Tintinnids and Forams not counted in zooplankton NRS before March 2013
Tintinnopsis mortensenii,2013-03-22,No previous id,,Tintinnids and Forams not counted in zooplankton NRS before March 2013
Centropages elegans m,2008-09-29,,,
Scaphocalanus echinatus m,2008-09-29,,,
Eutintinnus spp.,2013-03-22,No previous id,,Tintinnids and Forams not counted in zooplankton NRS before March 2013
Tornaria larva,2015-04-09,,,
Cyttarocylis ampulla f. cassis,2013-03-22,No previous id,,Tintinnids and Forams not counted in zooplankton NRS before March 2013
Dictyocysta spp.,2013-03-22,,,
Kuhnia spp. cyst,2016-03-01,,,
Xystonellopsis heros,2013-03-22,,,
Dromiidae larvae,2015-11-01,Decapod larvae,External training David Conway,
Echinopluteus,2015-11-01,Echinoderm larvae,External training David Conway,
Krohnitta spp.,2010-09-23,,,
Caridea megalopa larvae,2015-11-11,Decapod larvae,External training David Conway,
Climacocylis scalaria,2013-03-22,,,
Protozoea decapod larvae,2015-11-01,Decapod larvae,External training David Conway,
Cymbaloporetta spp.,2016-04-14,Foraminifera,,Not routinely identified
Nyctiphanes australis FI,2008-09-29,,,Speciated routinely in SO samples
Hydromyles globulosus,2014-12-22,,,
Xystonellopsis spp.,2013-03-22,No previous id,,Tintinnids and Forams not counted in zooplankton NRS before March 2013
Codonellopsis obesa,2013-03-22,No previous id,,Tintinnids and Forams not counted in zooplankton NRS before March 2013
Codonella amphorella,2013-03-22,No previous id,,Tintinnids and Forams not counted in zooplankton NRS before March 2013
Codonella galea,2013-03-22,,,
Schizopera spp. f,2015-07-27,,,
Plastic blue strand,2015-08-24,Plastic (NRS),,Plastic pieces to be counted from this data
Plastic red strand,2015-08-24,Plastic (NRS),,Plastic pieces to be counted from this data
Plastic yellow strand,2015-08-24,Plastic (NRS),,Plastic pieces to be counted from this data
Plastic green strand,2015-08-24,Plastic (NRS),,Plastic pieces to be counted from this data
Plastic clear strand,2015-08-24,Plastic (NRS),,Plastic pieces to be counted from this data
Plastic black strand,2015-08-24,Plastic (NRS),,Plastic pieces to be counted from this data
Plastic blue bead,2015-08-24,Plastic (NRS),,Plastic pieces to be counted from this data
Plastic red bead,2015-08-24,Plastic (NRS),,Plastic pieces to be counted from this data
Plastic yellow bead,2015-08-24,Plastic (NRS),,Plastic pieces to be counted from this data
Plastic green bead,2015-08-24,Plastic (NRS),,Plastic pieces to be counted from this data
Plastic clear bead,2015-08-24,Plastic (NRS),,Plastic pieces to be counted from this data
Plastic black bead,2015-08-24,Plastic (NRS),,Plastic pieces to be counted from this data
Plastic blue flake,2015-08-24,Plastic (NRS),,Plastic pieces to be counted from this data
Plastic red flake,2015-08-24,Plastic (NRS),,Plastic pieces to be counted from this data
Plastic yellow flake,2015-08-24,Plastic (NRS),,Plastic pieces to be counted from this data
Plastic green flake,2015-08-24,Plastic (NRS),,Plastic pieces to be counted from this data
Plastic clear flake,2015-08-24,Plastic (NRS),,Plastic pieces to be counted from this data
Plastic black flake,2015-08-24,Plastic (NRS),,Plastic pieces to be counted from this data
Plastic other,2015-08-24,Plastic (NRS),,Plastic pieces to be counted from this data
Gebiidea zoea,2015-11-01,Decapod larvae,External training David Conway,
Callianassidae zoea,2015-11-01,Decapod larvae,External training David Conway,
Corycaeus spp. j,2010-01-12,,,
Scolecitrichopsis ctenopus f,2008-09-29,,,
Eucheilota spp.,2011-07-01,,,
Eutima spp.,2011-07-01,,,
Paralovenia spp.,2011-07-01,,,
Xystonella treforti,2013-03-22,,,
Parundinella dakini j,2008-09-29,,,
Acrocalanus gracilis i,2008-09-29,,,
Dendrobranchiata larvae,2015-11-01,Decapod larvae,External training David Conway,
Ocyropsis spp.,2008-09-29,,,
Astacidea zoea,2015-11-01,Decapod larvae,External training David Conway,
Codonellopsis ostenfeldi,2013-03-22,,,
Gazelletta hexanema ,2008-09-29,,,
Xystonellopsis pulchra ,2013-03-22,,,
Acantharia,2008-09-29,,,
Sphaeronectes spp.,2010-09-14,,,
Paraclione spp.,2008-09-29,,,
Oncaea minima complex f,2008-09-29,,,
