TRIP_CODE,STARTPORT,ENDPORT,REGION,STARTLATITUDE,STARTLONGITUDE,STARTSAMPLEDATEUTC,ENDLATITUDE,ENDLONGITUDE,ENDSAMPLEDATEUTC,MILES,VESSEL_NAME,ACKNOWLEDGEMENTS
ABAB20200227,Great Australian Bight,Great Australian Bight,Great Australian Bight,-37.91378,125.94161,2020-02-27 02:01:35,-36.70789,135.33099,2020-02-28 04:05:54,460,Salome,Wallenius Wilhelmsen
ABAD20151126,Great Australian Bight,Adelaide,Great Australian Bight,-35.39449,132.75003,2015-11-26 17:34:41,-34.73434,135.96093,2015-11-27 09:43:47,170,RV Investigator,CSIRO; MNF - IN2015_C01
ABFR20140923,Great Australian Bight,Fremantle,Great Australian Bight,-35.33347,118.31441,2014-09-23 01:59:17,-35.24758,127.17074,2014-09-24 04:53:05,440,ANL Whyalla,ANL
ABFR20141203,Great Australian Bight,Fremantle,Great Australian Bight,-35.39527,121.03357,2014-12-03 00:31:16,-35.28205,129.28408,2014-12-04 15:01:06,410,ANL Whyalla,ANL
ABFR20150812,Great Australian Bight,Fremantle,Great Australian Bight,-35.38998,114.67821,2015-08-12 01:10:45,-32.81238,119.44805,2015-08-13 02:15:46,355,Philadelphia,Laeisz
ABFR20151116,Great Australian Bight,Fremantle,Great Australian Bight,-35.44763,117.81297,2015-11-16 23:23:27,-35.3172,126.78073,2015-11-18 00:12:31,445,ANL Waratah,ANL
ABFR20151219,Great Australian Bight,Fremantle,Great Australian Bight,-35.25822,120.10915,2015-12-19 00:20:13,-35.13417,125.19074,2015-12-20 01:41:38,255,RV Investigator,MNF - IN2015_C02
ABFR20161103,Great Australian Bight,Fremantle,Great Australian Bight,-36.46141,115.16389,2016-11-03 10:17:26,-34.7191,124.24042,2016-11-05 00:27:13,465,Salome,Wallenius Wilhelmsen
ABFR20161203,Great Australian Bight,Fremantle,Great Australian Bight,-36.76151,118.53871,2016-12-03 05:08:35,-35.53429,127.3652,2016-12-04 06:04:04,440,Tonsberg,Wallenius Wilhelmsen
ABFR20170308,Great Australian Bight,Fremantle,Great Australian Bight,-36.62723,117.0467,2017-03-08 07:08:04,-35.52528,125.89019,2017-03-09 06:29:44,440,Salome,Wallenius Wilhelmsen
ABFR20170403,Great Australian Bight,Fremantle,Great Australian Bight,-36.94095,122.85376,2017-04-03 10:28:31,-36.28973,127.75684,2017-04-04 00:06:14,245,Tonsberg,Wallenius Wilhelmsen
ABFR20170404,Great Australian Bight,Fremantle,Great Australian Bight,-35.74032,114.88804,2017-04-04 11:33:00,-34.53539,118.77608,2017-04-05 00:09:55,215,Tonsberg,Wallenius Wilhelmsen
ABFR20170702,Great Australian Bight,Fremantle,Great Australian Bight,-37.89865,125.37469,2017-07-02 01:58:26,-36.97941,134.04575,2017-07-03 01:36:40,425,Salome,Wallenius Wilhelmsen
ABFR20170703,Great Australian Bight,Fremantle,Great Australian Bight,-36.95433,116.78696,2017-07-03 01:59:42,-35.492,125.24715,2017-07-04 05:07:49,425,Salome,Wallenius Wilhelmsen
ABFR20170808,Great Australian Bight,Fremantle,Great Australian Bight,-37.02641,121.24053,2017-08-08 07:49:05,-36.07304,128.38504,2017-08-09 04:59:00,355,Tonsberg,Wallenius Wilhelmsen
ABFR20180811,Great Australian Bight,Fremantle,Great Australian Bight,-35.46785,116.43404,2018-08-11 02:58:43,-34.25583,124.58763,2018-08-12 02:46:30,415,Tonsberg,Wallenius Wilhelmsen
ABHO20130415,Great Australian Bight,Hobart,Great Australian Bight,-42.93111,131.04198,2013-04-15 04:02:21,-34.07261,144.83315,2013-04-21 02:16:55,720,Southern Surveyor,CSIRO
ADAB20140120,Adelaide,Great Australian Bight,Great Australian Bight,-35.41718,128.58354,2014-01-20 04:44:30,-35.02782,138.15625,2014-01-21 07:56:14,485,ANL Whyalla,ANL
ADAB20140331,Adelaide,Great Australian Bight,Great Australian Bight,-35.42663,126.84563,2014-03-31 05:55:36,-35.33058,136.11902,2014-04-01 08:00:04,460,ANL Whyalla,ANL
ADAB20140610,Adelaide,Great Australian Bight,Great Australian Bight,-35.46464,128.94671,2014-06-10 04:29:12,-35.24452,137.93905,2014-06-11 07:46:26,450,ANL Whyalla,ANL
ADAB20140921,Adelaide,Great Australian Bight,Great Australian Bight,-35.43834,131.97242,2014-09-21 13:59:56,-34.92546,138.22828,2014-09-22 06:54:04,325,ANL Whyalla,ANL
ADAB20141202,Adelaide,Great Australian Bight,Great Australian Bight,-35.45982,129.50372,2014-12-02 12:01:57,-34.93876,138.20761,2014-12-03 14:17:02,445,ANL Whyalla,ANL
ADAB20151027,Adelaide,Great Australian Bight,Great Australian Bight,-37.23624,134.27372,2015-10-27 22:10:01,-36.20056,138.22442,2015-10-28 18:40:31,210,RV Investigator,CSIRO; MNF - IN2015_C01
ADAB20151115,Adelaide,Great Australian Bight,Great Australian Bight,-35.50471,126.90147,2015-11-15 22:08:54,-35.3996,135.36736,2015-11-16 22:47:46,420,ANL Waratah,ANL
ADAB20161102,Adelaide,Great Australian Bight,Great Australian Bight,-37.61856,126.54042,2016-11-02 04:20:19,-36.82149,133.14456,2016-11-03 02:21:55,325,Salome,Wallenius Wilhelmsen
ADAB20161202,Adelaide,Great Australian Bight,Great Australian Bight,-37.99486,127.6524,2016-12-02 05:18:14,-36.80923,136.31435,2016-12-03 04:21:29,425,Tonsberg,Wallenius Wilhelmsen
ADAB20170307,Adelaide,Great Australian Bight,Great Australian Bight,-37.87859,126.10979,2017-03-07 06:57:51,-36.65575,135.38437,2017-03-08 06:28:56,455,Salome,Wallenius Wilhelmsen
ADAB20170402,Adelaide,Great Australian Bight,Great Australian Bight,-38.31349,133.3494,2017-04-02 06:20:45,-37.59922,138.21937,2017-04-02 20:03:21,240,Tonsberg,Wallenius Wilhelmsen
ADAB20170807,Adelaide,Great Australian Bight,Great Australian Bight,-37.99743,128.60947,2017-08-07 07:04:17,-37.05659,136.69755,2017-08-08 07:12:15,395,Tonsberg,Wallenius Wilhelmsen
ADAB20190428,Adelaide,Great Australian Bight,Great Australian Bight,-38.07671,128.10509,2019-04-28 01:45:20,-36.98968,136.3776,2019-04-28 23:59:09,405,Tonsberg,Wallenius Wilhelmsen
ADME20190806,Adelaide,Melbourne,Great Australian Bight,-38.96355,135.02705,2019-08-07 01:39:03,-37.92904,143.19859,2019-08-26 21:32:54,395,Tonsberg,Wallenius Wilhelmsen
ANHO20071125,Antarctica,Hobart,Southern Ocean,-60.0961,89.6107,2007-11-25 07:53:00,-47.9177,136.5035,2007-11-30 21:07:00,1805.59,Aurora Australis,SOCPR
ANHO20080121,Antarctica,Hobart,Southern Ocean,-63.2677,139.8854,2008-01-21 09:46:00,-50.4633,145.6991,2008-01-24 12:56:00,830.64,Aurora Australis,SOCPR
ANHO20090215,Antarctica,Hobart,Southern Ocean,-61.9965,149.2757,2009-02-15 01:54:00,-46.0082,150.144,2009-02-18 20:59:00,993.11,Aurora Australis,SOCPR
ANHO20100322,Antarctica,Hobart,Southern Ocean,-62.5906,89.6289,2010-03-22 00:37:00,-48.1112,135.3355,2010-03-27 03:29:00,1773.33,Aurora Australis,SOCPR
ANHO20110201,Antarctica,Hobart,Southern Ocean,-62.6246,146.5231,2011-02-01 02:46:00,-44.6674,147.4481,2011-02-05 08:53:00,669.29,Aurora Australis,SOCPR
ANHO20130106,Antarctica,Hobart,Southern Ocean,-47.7326,141.4121,2013-01-06 13:21:00,-44.3792,146.1588,2013-01-07 08:56:00,286.74,Aurora Australis,AAD; CSIRO; SOCPR
ANHO20130219,Antarctica,Hobart,Southern Ocean,-50.8031,135.6965,2013-02-19 21:38:00,-45.9235,144.0229,2013-02-21 02:15:00,447.27,Aurora Australis,AAD; CSIRO; SOCPR
ANHO20160105,Antarctica,Hobart,Southern Ocean,-47.6769,140.7863,2016-01-05 09:24:00,-44.237,146.2862,2016-01-06 08:56:00,313.64,Aurora Australis,AAD; CSIRO; SOCPR
ANHO20170120,Antarctica,Hobart,Southern Ocean,-46.6895,142.1653,2017-01-20 02:03:00,-43.5356,147.3668,2017-01-20 23:38:00,295.67,Aurora Australis,AAD; CSIRO; SOCPR
ANHO20180110,Antarctica,Hobart,Southern Ocean,-60.6829,118.6304,2018-01-06 21:50:00,-44.0696,146.845,2018-01-11 00:35:00,1321.66,Aurora Australis,AAD; CSIRO; SOCPR
ANHO20190302,Antarctica,Hobart,Southern Ocean,-47.2848,147.5428,2019-03-02 22:06:00,-43.4813,147.9049,2019-03-04 06:49:00,232.49,RV Investigator,AAD; CSIRO; MNF - IN2019_V01; SOCPR
AUHO20110607,Auckland,Hobart,Tasmania,-43.52586,148.23626,2011-06-07 09:24:24,-34.33328,174.335,2011-06-18 13:50:19,960,Southern Surveyor,CSIRO
BIER20120314,Border Island,Elusive Reef,Great Barrier Reef,-21.0077,149.26204,2012-03-14 23:32:24,-20.13755,152.78433,2012-03-15 21:57:56,210,RV Cape Ferguson,AIMS
BOBR20130727,Broome,Brisbane,Western Australia,-26.41529,121.59391,2013-07-27 11:45:37,-9.25103,153.62729,2013-08-09 17:36:00,2200,Southern Surveyor,CSIRO
BOPI20120816,Broome,Pil200,Western Australia,-19.4251,115.98672,2012-08-17 01:20:37,-18.67423,119.40347,2012-08-17 22:10:20,195,RV Solander,AIMS
BRDA20191004,Brisbane,Darwin,Northern East Australian Currect,-24.8313,134.57701,2019-10-04 13:18:13,-9.51025,154.0741,2019-10-12 09:47:29,1280,RV Investigator,CSIRO; MNF - IN2019_T02
BRER20140502,Brisbane,Elusive Reef,Great Barrier Reef,-25.76321,152.98173,2014-05-02 05:42:33,-20.9783,153.76488,2014-05-03 06:21:59,300,Island Chief,Swires
BRER20140606,Brisbane,Elusive Reef,Great Barrier Reef,-24.92543,152.84527,2014-06-06 21:12:29,-20.11665,153.77231,2014-06-07 21:46:54,300,Island Chief,Swires
BRER20140711,Brisbane,Elusive Reef,Great Barrier Reef,-25.679,153.43844,2014-07-11 06:12:50,-21.19405,154.08652,2014-07-12 06:09:44,285,Island Chief,Swires
BRER20140927,Brisbane,Elusive Reef,Great Barrier Reef,-26.27274,153.21564,2014-09-27 02:15:28,-19.49698,154.07477,2014-09-28 21:35:45,425,Island Chief,Swires
BRER20141106,Brisbane,Elusive Reef,Great Barrier Reef,-26.24777,153.41028,2014-11-06 05:52:04,-22.68281,154.075,2014-11-07 05:25:59,225,Island Chief,Swires
BRER20150206,Brisbane,Elusive Reef,Great Barrier Reef,-24.23821,151.73384,2015-02-06 01:27:23,-18.86575,153.76735,2015-02-07 05:54:43,350,Island Chief,Swires
BRER20150628,Brisbane,Elusive Reef,Great Barrier Reef,-25.44871,153.00895,2015-06-28 07:09:53,-21.11391,154.02539,2015-06-29 06:20:15,275,Island Chief,Swires
BRER20150801,Brisbane,Elusive Reef,Great Barrier Reef,-25.19172,150.57543,2015-08-01 02:11:08,-16.00383,153.99325,2015-08-02 21:58:51,595,Island Chief,Swires
BRER20150906,Brisbane,Elusive Reef,Great Barrier Reef,-26.56373,152.87599,2015-09-06 03:17:35,-20.89529,154.02802,2015-09-07 06:42:07,360,Island Chief,Swires
BRER20151113,Brisbane,Elusive Reef,Great Barrier Reef,-24.44593,152.18341,2015-10-14 05:19:05,-19.64934,153.78149,2015-11-14 21:57:01,310,Island Chief,Swires
BRFI20120504,Brisbane,Fiji,Great Barrier Reef,-24.60773,157.31757,2012-05-04 21:48:26,-23.88121,162.26642,2012-05-06 02:05:54,280,Southern Surveyor,CSIRO
BRGL20140101,Brisbane,Gladstone,Great Barrier Reef,-26.63215,151.84149,2014-01-01 08:52:51,-23.9152,153.4856,2014-01-02 04:34:09,235,Kweichow,Swires
BRGL20140307,Brisbane,Gladstone,Great Barrier Reef,-24.3693,151.6862,2014-03-07 01:12:11,-23.89339,153.36902,2014-03-07 09:19:32,105,Kweichow,Swires
BRGL20140923,Brisbane,Gladstone,Great Barrier Reef,-26.64882,151.86602,2014-09-23 02:06:40,-23.87259,153.47723,2014-09-23 23:04:06,235,Kweichow,Swires
BRGL20150130,Brisbane,Gladstone,Great Barrier Reef,-25.54168,151.73613,2015-01-30 22:13:12,-23.8612,153.48601,2015-01-31 13:10:51,175,Kweichow,Swires
BRGL20150412,Brisbane,Gladstone,Great Barrier Reef,-24.32468,151.61718,2015-04-12 22:43:35,-23.75398,153.31013,2015-04-13 07:47:03,105,Kweichow,Swires
BRHO20130927,Brisbane,Hobart,Southern East Australian Currect,-39.68396,148.67679,2013-09-27 23:00:20,-29.76053,153.68008,2013-10-01 07:47:27,540,Southern Surveyor,CSIRO
BRNC20150925,Brisbane,Newcastle,Northern East Australian Currect,-32.82449,152.23351,2015-09-25 06:53:49,-25.98696,153.74976,2015-09-26 22:28:24,435,Island Chief,Swires
BRNC20151206,Brisbane,Newcastle,Northern East Australian Currect,-33.04448,151.81505,2015-12-06 01:02:45,-24.63512,153.74995,2015-12-07 21:40:42,530,Island Chief,Swires
BRPK20161027,Brisbane,Port Kembla,Northern East Australian Currect,-32.31849,152.86634,2016-10-27 23:38:14,-29.97919,153.58839,2016-10-28 07:36:28,150,Salome,Wallenius Wilhelmsen
BRPK20161126,Brisbane,Port Kembla,Northern East Australian Currect,-34.03585,151.48286,2016-11-26 23:10:22,-27.90766,153.85,2016-11-28 02:30:08,400,Tonsberg,Wallenius Wilhelmsen
BRPK20170301,Brisbane,Port Kembla,Northern East Australian Currect,-33.9091,151.48593,2017-03-01 21:37:45,-26.88136,153.93802,2017-03-02 21:07:49,460,Salome,Wallenius Wilhelmsen
BRPK20170328,Brisbane,Port Kembla,Northern East Australian Currect,-32.56473,152.77086,2017-03-28 23:07:33,-28.91177,153.82167,2017-03-29 10:41:49,235,Tonsberg,Wallenius Wilhelmsen
BRPK20170627,Brisbane,Port Kembla,Northern East Australian Currect,-34.27371,151.07281,2017-06-27 01:30:49,-29.63609,153.65979,2017-06-27 20:00:08,320,Salome,Wallenius Wilhelmsen
BRPK20170731,Brisbane,Port Kembla,Northern East Australian Currect,-34.10363,151.40238,2017-07-31 01:53:29,-28.26844,153.84974,2017-07-31 23:21:16,385,Tonsberg,Wallenius Wilhelmsen
BRPK20171025,Brisbane,Port Kembla,Northern East Australian Currect,-32.05256,152.96804,2017-10-25 22:51:27,-30.11762,153.56227,2017-10-26 06:25:32,125,Salome,Wallenius Wilhelmsen
BRPK20171129,Brisbane,Port Kembla,Northern East Australian Currect,-33.99648,151.58166,2017-11-29 21:40:13,-27.79228,153.94817,2017-11-30 19:34:19,405,Tonsberg,Wallenius Wilhelmsen
BRPK20180306,Brisbane,Port Kembla,Northern East Australian Currect,-34.30458,151.13547,2018-03-06 23:17:07,-30.01085,153.53335,2018-03-08 16:07:42,295,Salome,Wallenius Wilhelmsen
BRPK20180402,Brisbane,Port Kembla,Northern East Australian Currect,-33.58549,151.92593,2018-04-02 00:24:29,-27.59228,153.84997,2018-04-03 00:24:11,385,Tonsberg,Wallenius Wilhelmsen
BRPK20180704,Brisbane,Port Kembla,Northern East Australian Currect,-34.15648,151.2252,2018-07-04 01:48:44,-29.18736,153.73515,2018-07-04 21:02:56,335,Salome,Wallenius Wilhelmsen
BRPK20180802,Brisbane,Port Kembla,Northern East Australian Currect,-33.67248,151.85944,2018-08-02 00:59:45,-27.94302,153.84833,2018-08-03 00:41:39,370,Tonsberg,Wallenius Wilhelmsen
BRPK20181110,Brisbane,Port Kembla,Northern East Australian Currect,-33.72929,151.63081,2018-11-10 18:58:33,-27.08325,153.85875,2018-11-11 19:11:58,430,Salome,Wallenius Wilhelmsen
BRPK20181214,Brisbane,Port Kembla,Northern East Australian Currect,-33.89438,151.66979,2018-12-14 23:52:38,-28.12952,153.84987,2018-12-15 18:43:44,375,Tonsberg,Wallenius Wilhelmsen
BRPK20190219,Brisbane,Port Kembla,Northern East Australian Currect,-32.70745,152.57884,2019-02-19 09:18:52,-26.80001,153.85999,2019-02-20 07:09:18,375,Salome,Wallenius Wilhelmsen
BRPK20190421,Brisbane,Port Kembla,Northern East Australian Currect,-32.87391,152.52197,2019-04-21 01:32:31,-26.83256,153.85,2019-04-21 20:35:11,385,Tonsberg,Wallenius Wilhelmsen
BRPK20190624,Brisbane,Port Kembla,Northern East Australian Currect,-33.77516,151.57858,2019-06-24 23:18:31,-26.60985,153.77577,2019-06-25 22:05:50,460,Salome,Wallenius Wilhelmsen
BRPK20191205,Brisbane,Port Kembla,Northern East Australian Currect,-34.24302,151.15393,2019-12-05 23:14:05,-28.28426,153.84952,2019-12-06 19:48:24,440,Tonsberg,Wallenius Wilhelmsen
BRPK20200412,Brisbane,Port Kembla,Northern East Australian Currect,-34.11649,151.33247,2020-04-12 23:17:16,-28.31178,153.85138,2020-04-13 20:15:34,385,Tonsberg,Wallenius Wilhelmsen
BRPK20200728,Brisbane,Port Kembla,Northern East Australian Currect,-33.8485,151.52024,2020-07-28 22:58:52,-28.39825,153.8633,2020-07-30 05:24:15,360,Salome,Wallenius Wilhelmsen
BRPK20200918,Brisbane,Port Kembla,Northern East Australian Currect,-33.21263,152.23589,2020-09-18 04:58:23,-26.90177,153.84833,2020-09-19 03:02:27,400,Tonsberg,Wallenius Wilhelmsen
BRPK20201216,Brisbane,Port Kembla,Northern East Australian Currect,-34.10729,151.27292,2020-12-16 16:48:17,-26.82622,153.8552,2020-12-17 19:04:00,480,Salome,Wallenius Wilhelmsen
BRSY20090627,Brisbane,Sydney,Northern East Australian Currect,-32.32437,152.82396,2009-06-26 22:08:06,-28.34227,153.81722,2009-06-27 11:20:41,250,ANL Windarra,ANL
BRSY20090725,Brisbane,Sydney,Northern East Australian Currect,-33.59754,151.80397,2009-07-25 05:26:45,-26.86324,153.82479,2009-07-26 00:49:28,435,ANL Windarra,ANL
BRSY20090822,Brisbane,Sydney,Northern East Australian Currect,-29.34488,153.45173,2009-08-21 18:57:33,-26.84856,153.82843,2009-08-22 02:45:00,160,ANL Windarra,ANL
BRSY20091016,Brisbane,Sydney,Northern East Australian Currect,-32.98908,152.33101,2009-10-16 13:44:48,-26.73775,153.8225,2009-10-17 11:45:13,380,ANL Windarra,ANL
BRSY20091212,Brisbane,Sydney,Northern East Australian Currect,-33.10688,152.22923,2009-12-12 06:08:03,-26.77037,153.82329,2009-12-13 03:50:08,410,ANL Windarra,ANL
BRSY20100111,Brisbane,Sydney,Northern East Australian Currect,-33.52172,151.87937,2010-01-11 07:43:39,-26.77238,153.82375,2010-01-12 05:56:14,440,ANL Windarra,ANL
BRSY20100309,Brisbane,Sydney,Northern East Australian Currect,-33.32658,152.03688,2010-03-09 22:07:27,-28.88466,153.78643,2010-03-10 12:16:33,290,ANL Windarra,ANL
BRSY20100529,Brisbane,Sydney,Northern East Australian Currect,-33.05311,152.28595,2010-05-29 06:42:12,-26.72882,153.76984,2010-05-30 12:47:25,375,ANL Windarra,ANL
BRSY20100810,Brisbane,Sydney,Northern East Australian Currect,-33.23032,152.12639,2010-08-10 04:50:44,-26.79619,153.76164,2010-08-11 04:42:50,415,ANL Windarra,ANL
BRSY20101017,Brisbane,Sydney,Northern East Australian Currect,-33.39612,151.97942,2010-10-16 22:41:23,-26.77165,153.76159,2010-10-18 06:57:00,430,ANL Windarra,ANL
BRSY20110305,Brisbane,Sydney,Northern East Australian Currect,-33.86454,151.57339,2011-03-05 05:47:28,-26.77292,153.76904,2011-03-06 16:58:04,465,ANL Windarra,ANL
BRSY20110514,Brisbane,Sydney,Northern East Australian Currect,-29.88802,153.33171,2011-05-14 07:40:00,-26.77465,153.76932,2011-05-14 20:40:14,200,ANL Windarra,ANL
BRSY20111211,Brisbane,Sydney,Northern East Australian Currect,-31.77119,153.10802,2011-12-11 08:01:34,-28.00148,153.76805,2011-12-12 01:45:56,235,ANL Windarra,ANL
BRSY20120414,Brisbane,Sydney,Northern East Australian Currect,-32.66878,152.64217,2012-04-14 04:52:52,-26.47128,153.76595,2012-04-15 08:47:49,390,ANL Windarra,ANL
BRSY20120902,Brisbane,Sydney,Northern East Australian Currect,-32.49556,152.78535,2012-09-02 02:32:38,-26.89407,153.76432,2012-09-02 22:23:56,350,ANL Windarra,ANL
BRSY20140420,Brisbane,Sydney,Northern East Australian Currect,-34.5203,151.20831,2014-04-20 22:41:57,-28.51844,153.75,2014-04-22 05:45:33,395,Island Chief,Swires
BRSY20140523,Brisbane,Sydney,Northern East Australian Currect,-33.73469,151.53156,2014-05-23 22:12:24,-27.02678,153.74998,2014-05-25 09:43:32,435,Island Chief,Swires
BRSY20140630,Brisbane,Sydney,Northern East Australian Currect,-34.22788,151.32399,2014-06-30 13:21:44,-27.06845,153.75,2014-07-02 01:21:25,465,Island Chief,Swires
BRSY20140803,Brisbane,Sydney,Northern East Australian Currect,-34.46228,151.22825,2014-08-03 04:12:52,-27.06345,153.74643,2014-08-04 20:57:29,480,Island Chief,Swires
BRSY20150401,Brisbane,Sydney,Northern East Australian Currect,-34.24022,151.32443,2015-04-01 22:01:28,-27.88344,153.74833,2015-04-03 05:21:25,415,Island Chief,Swires
BRSY20150719,Brisbane,Sydney,Northern East Australian Currect,-34.48109,151.56713,2015-07-19 22:12:30,-28.80171,153.89569,2015-07-21 04:36:06,370,Island Chief,Swires
BRSY20150824,Brisbane,Sydney,Northern East Australian Currect,-30.63529,153.31528,2015-08-24 22:12:09,-29.40437,153.58447,2015-08-25 04:16:17,80,Island Chief,Swires
BRSY20160728,Brisbane,Sydney,Northern East Australian Currect,-32.33985,152.88928,2016-07-28 23:07:56,-29.38953,153.69342,2016-07-29 08:54:49,190,Tonsberg,Wallenius Wilhelmsen
BRSY20180514,Brisbane,Sydney,Northern East Australian Currect,-33.85055,151.69755,2018-05-14 04:41:42,-26.79354,153.87456,2018-05-15 22:42:35,465,RV Investigator,CSIRO; MNF - IN2018_T02
BUNE20100813,Burnie,Nelson,Tasmania,-40.70122,148.97278,2010-08-13 15:11:37,-40.45009,173.24134,2010-08-17 05:14:58,1140,Rehua,CSIRO; Sealord Group Ltd.
BUNE20120810,Burnie,Nelson,Tasmania,-41.06969,148.86938,2012-08-10 14:58:29,-40.48122,172.26076,2012-08-14 10:24:54,1030,Rehua,Sealord Group Ltd.
CAGL20180608,Cairns,Gladstone,Great Barrier Reef,-21.14714,148.85171,2018-06-08 23:11:05,-19.94578,150.06377,2018-06-09 06:34:23,105,RTM Wakmatha,Rio Tinto Marine
CAGL20180907,Cairns,Gladstone,Great Barrier Reef,-21.25969,145.90955,2018-09-07 00:53:29,-16.78899,150.16761,2018-09-08 05:34:07,380,RTM Wakmatha,Rio Tinto Marine
CAGL20190109,Cairns,Gladstone,Great Barrier Reef,-22.28846,146.28538,2019-01-09 22:17:13,-17.80021,150.90736,2019-01-11 05:36:42,390,RTM Wakmatha,Rio Tinto Marine
CAGL20190415,Cairns,Gladstone,Great Barrier Reef,-21.89848,146.28534,2019-04-15 22:27:31,-17.79855,150.74254,2019-04-17 04:30:19,365,RTM Wakmatha,Rio Tinto Marine
CAGL20190803,Cairns,Gladstone,Great Barrier Reef,-23.17617,145.86433,2019-08-03 07:18:29,-16.76728,151.28139,2019-08-05 05:08:52,515,RTM Wakmatha,Rio Tinto Marine
CAGL20191112,Cairns,Gladstone,Great Barrier Reef,-21.03855,145.88023,2019-11-12 00:58:52,-16.76672,149.97736,2019-11-13 05:25:52,365,RTM Wakmatha,Rio Tinto Marine
CAGL20200215,Cairns,Gladstone,Great Barrier Reef,-21.22244,145.89742,2020-02-16 00:05:40,-16.79494,150.13804,2020-02-17 05:37:49,355,RTM Wakmatha,Rio Tinto Marine
CAGL20200519,Cairns,Gladstone,Great Barrier Reef,-21.77701,146.2618,2020-05-19 22:48:46,-17.6779,150.63843,2020-05-21 05:25:49,365,RTM Wakmatha,Rio Tinto Marine
CAGL20200817,Cairns,Gladstone,Great Barrier Reef,-22.76811,145.91777,2020-08-17 08:42:31,-16.80579,151.10451,2020-08-19 00:45:29,485,RTM Wakmatha,Rio Tinto Marine
CAGL20201201,Cairns,Gladstone,Great Barrier Reef,-21.45654,146.12662,2020-12-01 22:42:43,-17.24198,150.35546,2020-12-03 05:13:20,365,RTM Wakmatha,Rio Tinto Marine
CAGL20210618,Cairns,Gladstone,Great Barrier Reef,-22.76978,146.95863,2021-06-18 22:53:31,-18.74355,151.10138,2021-06-20 05:59:21,350,RTM Wakmatha,Rio Tinto Marine
CTCY20150208,Cooktown,Cape York,Great Barrier Reef,-13.92915,142.96824,2015-02-08 22:43:43,-11.3555,144.29605,2015-02-09 15:10:25,185,Kweichow,Swires
DABO20120804,Darwin,Broome,North West Australia,-16.1702,121.93883,2012-08-05 06:43:48,-12.55403,128.17766,2012-08-07 07:29:01,440,RV Solander,AIMS
EDMI20180517,Eden,Maria Island,Southern East Australian Currect,-42.45994,148.27008,2018-05-17 17:17:12,-37.47948,152.1082,2018-05-19 13:57:46,405,RV Investigator,CSIRO; MNF - IN2018_T02
EXDA20120426,Exmouth,Darwin,Western Australia,-15.64839,122.53666,2012-04-28 09:33:27,-12.77632,128.42695,2012-04-30 07:29:12,400,RV Solander,AIMS
EXSC20111119,Exmouth,Scott  Reef,Western Australia,-20.04828,116.69558,2011-11-19 00:17:50,-15.14904,121.04861,2011-11-20 11:47:38,390,RV Solander,AIMS
FIHO20120615,Fiji,Hobart,Tasmania,-42.76712,148.51038,2012-06-15 12:24:53,-37.41349,153.50426,2012-06-17 03:38:10,400,Southern Surveyor,CSIRO
FLRR20121028,Flinders Reef,Ribbon Reefs (Gbr),Great Barrier Reef,-17.54792,145.87073,2012-10-28 06:33:16,-15.45886,148.10885,2012-10-29 04:28:19,185,RV Cape Ferguson,AIMS
FRAN20090103,Fremantle,Antarctica,Southern Ocean,-53.9487,109.9727,2009-01-03 04:34:00,-47.6463,110.0843,2009-01-04 13:16:00,379.84,Aurora Australis,SOCPR
FRBO20100407,Fremantle,Broome,Western Australia,-31.7205,112.4669,2010-04-07 13:09:59,-18.7704,119.36199,2010-04-12 08:48:15,910,Southern Surveyor,CSIRO
FRDA20120907,Fremantle,Darwin,Western Australia,-31.32981,112.01657,2012-09-07 07:54:07,-12.42414,127.97665,2012-09-14 19:49:44,1640,Southern Surveyor,CSIRO
FRSY20110318,Fremantle,Sydney,Great Australian Bight,-40.51981,114.99345,2011-03-18 02:49:01,-34.82595,142.42302,2011-03-25 16:02:38,1185,Hespérides,Malaspina Cruise
GLTO20140104,Gladstone,Townsville,Great Barrier Reef,-22.17561,147.08225,2014-01-04 01:32:57,-19.15664,150.88328,2014-01-05 02:36:23,295,Kweichow,Swires
GLTO20140310,Gladstone,Townsville,Great Barrier Reef,-23.76664,148.82955,2014-03-10 06:58:46,-19.96926,151.52693,2014-03-11 06:47:31,285,Kweichow,Swires
GLTO20141129,Gladstone,Townsville,Great Barrier Reef,-21.9326,147.22693,2014-11-29 22:12:48,-19.17434,150.75946,2014-11-30 20:48:36,270,Kweichow,Swires
GLTO20150202,Gladstone,Townsville,Great Barrier Reef,-21.84159,147.21364,2015-02-02 22:22:55,-19.16944,150.7225,2015-02-03 20:45:22,265,Kweichow,Swires
GLTO20150414,Gladstone,Townsville,Great Barrier Reef,-22.81912,147.26428,2015-04-14 22:33:42,-19.18989,151.14101,2015-04-16 03:47:40,325,Kweichow,Swires
GLTO20150620,Gladstone,Townsville,Great Barrier Reef,-21.72502,147.14922,2015-06-20 22:28:49,-19.14702,150.62408,2015-06-21 21:58:02,260,Kweichow,Swires
GLTO20150816,Gladstone,Townsville,Great Barrier Reef,-23.72675,148.75695,2015-08-16 01:54:30,-19.8738,151.51984,2015-08-17 03:33:33,290,Kweichow,Swires
GLTO20151018,Gladstone,Townsville,Great Barrier Reef,-20.85108,148.19489,2015-10-18 22:43:53,-19.59708,149.80501,2015-10-19 09:49:48,125,Kweichow,Swires
GLTO20160416,Gladstone,Townsville,Great Barrier Reef,-21.84319,147.13242,2016-04-16 23:01:01,-19.14305,150.72093,2016-04-17 18:28:55,270,Kweichow,Swires
GLTO20160816,Gladstone,Townsville,Great Barrier Reef,-23.77936,147.19922,2016-08-16 19:41:18,-19.16517,151.51767,2016-08-18 00:41:24,390,Kweichow,Swires
GLTO20170209,Gladstone,Townsville,Great Barrier Reef,-23.72795,149.18035,2017-02-09 06:44:32,-20.13698,151.51593,2017-02-10 07:28:12,260,Kweichow,Swires
GPFL20130603,Geranium Passage,Flinders Reef,Great Barrier Reef,-17.72474,146.54542,2013-06-03 02:46:24,-17.60197,148.35078,2013-06-03 12:38:19,90,RV Cape Ferguson,AIMS
HOAB20130404,Hobart,Great Australian Bight,Great Australian Bight,-42.65199,131.21466,2013-04-04 01:30:40,-35.09384,144.75809,2013-04-09 23:49:24,775,Southern Surveyor,CSIRO
HOAB20151025,Hobart,Great Australian Bight,Great Australian Bight,-42.91974,138.70352,2015-10-25 23:03:23,-37.30867,145.04942,2015-10-27 15:10:28,455,RV Investigator,CSIRO; MNF - IN2015_C01
HOAN20071217,Hobart,Antarctica,Southern Ocean,-65.2567,141.7908,2007-12-17 21:47:00,-47.7837,144.3616,2007-12-21 13:53:00,1047.73,Aurora Australis,SOCPR
HOAN20080322,Hobart,Antarctica,Southern Ocean,-64.0761,140.1709,2008-03-22 09:40:00,-43.7182,147.3741,2008-03-27 22:26:00,1266.4,Aurora Australis,SOCPR
HOAN20081125,Hobart,Antarctica,Southern Ocean,-60.1323,116.5065,2008-11-25 14:00:00,-46.9948,134.8245,2008-11-28 14:57:00,1038.22,Aurora Australis,SOCPR
HOAN20091209,Hobart,Antarctica,Southern Ocean,-61.8604,114.0815,2009-12-09 22:25:00,-51.0683,140.0099,2009-12-13 19:17:00,1077.98,Aurora Australis,SOCPR
HOAN20101021,Hobart,Antarctica,Southern Ocean,-55.3964,113.1919,2010-10-21 22:53:00,-44.4477,144.3808,2010-10-28 05:08:00,928.73,Aurora Australis,SOCPR
HOAN20101210,Hobart,Antarctica,Southern Ocean,-48.0385,140.8884,2010-12-10 21:49:00,-44.5078,147.2957,2010-12-12 09:00:00,373.81,Aurora Australis,SOCPR
HOAN20110108,Hobart,Antarctica,Southern Ocean,-63.5304,141.9922,2012-01-08 10:54:00,-43.4443,147.4264,2012-07-14 19:59:00,875.34,Aurora Australis,SOCPR
HOAN20111023,Hobart,Antarctica,Southern Ocean,-59.2588,103.5214,2011-10-23 21:46:00,-44.3834,145.3078,2012-03-19 06:04:00,2160.31,Aurora Australis,CSIRO; SOCPR
HOAN20141022,Hobart,Antarctica,Southern Ocean,-47.446,136.6573,2014-10-22 22:09:00,-44.2717,145.1512,2014-10-24 15:01:00,411.65,Aurora Australis,AAD; CSIRO; SOCPR
HOAN20141205,Hobart,Antarctica,Southern Ocean,-49.5927,138.4092,2014-12-05 22:43:00,-44.7223,145.6604,2014-12-07 07:51:00,421.34,Aurora Australis,AAD; CSIRO; SOCPR
HOAN20150128,Hobart,Antarctica,Southern Ocean,-47.5362,136.0919,2015-01-28 21:54:00,-44.2078,145.6135,2015-01-30 06:44:00,449.84,Aurora Australis,AAD; CSIRO; SOCPR
HOAN20151029,Hobart,Antarctica,Southern Ocean,-46.4918,138.7613,2015-10-29 05:30:00,-43.9056,146.4106,2015-10-30 13:28:00,363.72,Aurora Australis,AAD; CSIRO; SOCPR
HOAN20151209,Hobart,Antarctica,Southern Ocean,-47.7635,140.839,2015-12-09 21:55:00,-44.3051,146.1838,2015-12-11 04:37:00,309.74,Aurora Australis,AAD; CSIRO; SOCPR
HOAN20160112,Hobart,Antarctica,Southern Ocean,-62.4252,96.5827,2016-01-12 03:10:00,-45.3745,143.6476,2016-01-20 21:51:00,1929.38,Aurora Australis,AAD; CSIRO; SOCPR
HOAN20161208,Hobart,Antarctica,Southern Ocean,-48.8849,143.6798,2016-12-08 05:46:00,-43.8729,146.8521,2016-12-09 21:16:00,350.2,Aurora Australis,AAD; CSIRO; SOCPR
HOAN20170125,Hobart,Antarctica,Southern Ocean,-47.0419,142.9068,2017-01-25 21:31:00,-44.4889,145.2576,2017-01-26 13:42:00,187.93,Aurora Australis,AAD; CSIRO; SOCPR
HOAN20171031,Hobart,Antarctica,Southern Ocean,-58.8685,103.0346,2017-10-31 02:50:00,-43.7007,146.2033,2017-11-09 03:28:00,1995.38,Aurora Australis,AAD; CSIRO; SOCPR
HOAN20171213,Hobart,Antarctica,Southern Ocean,-62.9718,113.9655,2017-12-13 05:17:00,-44.049,147.5233,2017-12-19 23:33:00,1572.08,Aurora Australis,AAD; CSIRO; SOCPR
HOAN20180116,Hobart,Antarctica,Southern Ocean,-62.7252,90.5537,2018-01-16 05:19:00,-43.6373,147.1824,2018-01-25 01:04:00,2347.36,Aurora Australis,AAD; CSIRO; SOCPR
HOAN20181025,Hobart,Antarctica,Southern Ocean,-60.0144,96.7795,2018-10-25 21:58:00,-45.6462,146.2557,2018-11-02 19:59:00,1789.6,Aurora Australis,AAD; CSIRO; SOCPR
HOAN20181206,Hobart,Antarctica,Southern Ocean,-47.0272,141.8725,2018-12-06 09:27:00,-43.7389,147.0702,2018-12-07 11:45:00,299.91,Aurora Australis,AAD; CSIRO; SOCPR
HOAN20190113,Hobart,Antarctica,Southern Ocean,-47.0909,137.0704,2019-01-13 09:25:00,-43.7183,146.958,2019-01-15 02:04:00,466.61,Aurora Australis,AAD; CSIRO; SOCPR
HOAN20190120,Hobart,Antarctica,Southern Ocean,-47.1661,146.6282,2019-01-20 02:57:00,-43.9603,147.3767,2019-01-20 22:20:00,199.88,RV Investigator,AAD; CSIRO; MNF - IN2019_V01; SOCPR
HOAN20191025,Hobart,Antarctica,Southern Ocean,-47.1284,136.0494,2019-10-25 21:49:00,-44.3297,144.9828,2019-10-27 13:35:00,415.05,Aurora Australis,AAD; CSIRO; SOCPR
HOAN20191222,Hobart,Antarctica,Southern Ocean,-47.118,141.7424,2019-12-22 09:35:00,-43.845,146.9564,2019-12-23 11:09:00,299.84,Aurora Australis,AAD; CSIRO; SOCPR
HOAN20200121,Hobart,Antarctica,Southern Ocean,-47.0801,142.7996,2020-01-21 05:50:00,-44.0327,146.6743,2020-01-22 00:43:00,249.88,Aurora Australis,AAD; CSIRO; SOCPR
HOBR20120411,Hobart,Brisbane,Southern East Australian Currect,-35.32927,150.92458,2012-04-14 09:54:13,-26.80672,153.9901,2012-04-17 19:03:11,515,Southern Surveyor,CSIRO
HOFR20100329,Hobart,Fremantle,Great Australian Bight,-43.7926,114.0094,2010-03-29 09:45:00,-31.9526,147.4653,2010-04-06 23:35:00,1776.07,Southern Surveyor,CSIRO
HOFR20110812,Hobart,Fremantle,Great Australian Bight,-44.0968,115.606,2011-08-12 09:56:00,-34.6024,147.4371,2011-08-21 06:29:00,1454.81,Southern Surveyor,CSIRO
HOFR20120730,Hobart,Fremantle,Great Australian Bight,-43.70106,114.79906,2012-07-30 10:49:24,-33.31349,147.47665,2012-08-08 09:40:09,1880,Southern Surveyor,CSIRO
HOFR20130617,Hobart,Fremantle,Great Australian Bight,-43.82522,119.8786,2013-06-17 11:33:17,-34.53485,147.50157,2013-06-26 06:46:55,1645,Southern Surveyor,CSIRO
HOSO20120712,Hobart,Southern Ocean Time Series Mooring,Southern Ocean,-46.7352,141.9922,2012-07-12 09:12:00,-43.4443,147.4264,2012-07-14 19:59:00,421.09,Southern Surveyor,CSIRO; SOCPR
HOSO20130429,Hobart,Southern Ocean Time Series Mooring,Southern Ocean,-46.74976,142.16526,2013-04-29 04:21:29,-43.68555,147.05206,2013-04-30 20:27:13,285,Southern Surveyor,CSIRO
HOSO20180312,Hobart,Southern Ocean Time Series Mooring,Southern Ocean,-46.94704,142.06027,2018-03-12 08:09:53,-43.6088,147.37953,2018-03-13 19:03:40,315,RV Investigator,MNF - IN2018_V02
HOSO20190314,Hobart,Southern Ocean Time Series Mooring,Southern Ocean,-46.54892,142.87326,2019-03-14 11:38:58,-43.80771,146.90995,2019-03-15 14:29:03,245,RV Investigator,CSIRO; MNF - IN2019_V02
HOSO20200827,Hobart,Southern Ocean Time Series Mooring,Southern Ocean,-46.78658,142.02471,2020-08-27 05:52:25,-43.41558,147.45633,2020-08-28 21:59:49,315,RV Investigator,MNF - IN2020_V09
HOSO20210415,Hobart,Southern Ocean Time Series Mooring,Southern Ocean,-46.86881,142.04297,2021-04-15 06:33:42,-44.01035,146.56418,2021-04-16 16:43:43,265,RV Investigator,CSIRO; MNF - IN2021_V02
HOSY20100917,Hobart,Sydney,Southern East Australian Currect,-43.1296,148.24544,2010-09-16 17:57:42,-36.40212,150.36204,2010-09-18 10:39:39,420,Southern Surveyor,CSIRO
HOSY20150511,Hobart,Sydney,Southern East Australian Currect,-40.54468,148.99766,2015-05-11 00:24:33,-33.79203,151.42133,2015-05-13 02:06:27,430,RV Investigator,CSIRO; MNF - IN2015_T01
HOSY20160827,Hobart,Sydney,Southern East Australian Currect,-39.90551,148.78624,2016-08-27 01:12:50,-33.9599,151.74027,2016-08-28 20:29:26,415,RV Investigator,CSIRO
IIOE20190517,Iioe Start,Iioe End,Western Australia,-39.33918,109.9053,2019-05-17 15:23:23,-11.55774,110.0176,2019-06-06 00:01:47,1570,RV Investigator,MNF - IN2019_V03
MEAB20170701,Melbourne,Great Australian Bight,Great Australian Bight,-38.82679,134.22457,2017-07-01 03:31:15,-37.81891,142.59038,2017-07-02 01:29:48,405,Salome,Wallenius Wilhelmsen
MEAB20171030,Melbourne,Great Australian Bight,Great Australian Bight,-38.70042,132.40444,2017-10-30 21:59:02,-37.53031,141.58209,2017-11-01 00:30:58,445,Salome,Wallenius Wilhelmsen
MEAB20171205,Melbourne,Great Australian Bight,Great Australian Bight,-38.9739,135.10726,2017-12-05 02:37:47,-37.91105,143.8102,2017-12-06 00:11:33,420,Tonsberg,Wallenius Wilhelmsen
MEAB20180311,Melbourne,Great Australian Bight,Great Australian Bight,-38.42214,129.98344,2018-03-11 22:44:12,-37.22999,139.33395,2018-03-12 23:22:22,455,Salome,Wallenius Wilhelmsen
MEAB20180407,Melbourne,Great Australian Bight,Great Australian Bight,-38.56475,133.11153,2018-04-07 04:20:25,-37.65109,140.09229,2018-04-07 23:06:51,340,Tonsberg,Wallenius Wilhelmsen
MEAB20191211,Melbourne,Great Australian Bight,Great Australian Bight,-38.84626,131.77651,2019-12-11 22:50:02,-38.07592,140.3484,2019-12-12 23:49:23,420,Tonsberg,Wallenius Wilhelmsen
MEAB20200805,Melbourne,Great Australian Bight,Great Australian Bight,-38.95255,135.25713,2020-08-05 06:00:02,-38.48835,144.31755,2020-08-06 05:15:45,440,Salome,Wallenius Wilhelmsen
MEAB20200923,Melbourne,Great Australian Bight,Great Australian Bight,-38.93646,136.51557,2020-09-23 11:23:56,-38.44827,144.39916,2020-09-24 10:00:21,385,Tonsberg,Wallenius Wilhelmsen
MEAD20101023,Melbourne,Adelaide,Great Australian Bight,-39.00011,138.02733,2010-10-23 02:14:16,-35.50586,144.44171,2010-10-23 22:04:37,415,ANL Windarra,ANL
MEAD20110103,Melbourne,Adelaide,Great Australian Bight,-39.00012,138.0321,2011-01-02 15:55:11,-35.05102,144.45382,2011-01-03 21:46:50,445,ANL Windarra,ANL
MEAD20110311,Melbourne,Adelaide,Great Australian Bight,-39.00326,138.02865,2011-03-10 16:07:58,-35.15988,144.48667,2011-03-11 15:12:39,440,ANL Windarra,ANL
MEAD20111007,Melbourne,Adelaide,Great Australian Bight,-39.00012,138.68614,2011-10-07 07:06:00,-36.33716,144.46152,2011-10-08 04:05:40,355,ANL Windarra,ANL
MEAD20120420,Melbourne,Adelaide,Great Australian Bight,-39.00009,138.00368,2012-04-19 15:17:31,-35.60087,144.44481,2012-04-20 22:25:09,410,ANL Windarra,ANL
MEAD20120907,Melbourne,Adelaide,Great Australian Bight,-38.99084,138.88297,2012-09-07 01:23:19,-36.55062,144.32818,2012-09-08 01:54:06,330,ANL Windarra,ANL
MEAD20121116,Melbourne,Adelaide,Great Australian Bight,-38.9913,138.0255,2012-11-16 01:35:49,-35.24849,144.52191,2012-11-17 06:23:44,445,ANL Windarra,ANL
MEAD20131102,Melbourne,Adelaide,Great Australian Bight,-38.93853,138.02691,2013-11-02 22:04:43,-35.21324,144.43038,2013-11-04 07:16:29,430,ANL Whyalla,ANL
MEAD20140117,Melbourne,Adelaide,Great Australian Bight,-38.98424,138.01107,2014-01-17 06:11:09,-35.17266,144.10864,2014-01-18 06:52:59,410,ANL Whyalla,ANL
MEAD20140328,Melbourne,Adelaide,Great Australian Bight,-38.97856,138.55329,2014-03-28 07:52:42,-36.15537,144.43476,2014-03-29 09:33:23,365,ANL Whyalla,ANL
MEAD20140607,Melbourne,Adelaide,Great Australian Bight,-38.99425,138.01532,2014-06-07 09:09:55,-35.01411,144.40223,2014-06-08 14:15:19,445,ANL Whyalla,ANL
MEAD20140919,Melbourne,Adelaide,Great Australian Bight,-38.9768,138.01198,2014-09-19 05:56:49,-35.10067,144.43568,2014-09-20 16:12:31,440,ANL Whyalla,ANL
MEAD20141130,Melbourne,Adelaide,Great Australian Bight,-38.9598,138.03308,2014-11-30 16:28:24,-35.04293,144.30974,2014-12-01 16:33:46,435,ANL Whyalla,ANL
MEAD20150206,Melbourne,Adelaide,Great Australian Bight,-38.98072,138.02467,2015-02-06 08:03:12,-34.95552,144.27325,2015-02-07 07:49:30,440,ANL Whyalla,ANL
MEAD20150806,Melbourne,Adelaide,Great Australian Bight,-39.06329,139.03722,2015-08-06 10:02:40,-36.83067,144.34369,2015-08-07 02:09:51,320,Philadelphia,Laeisz
MEAD20151113,Melbourne,Adelaide,Great Australian Bight,-38.94497,138.55004,2015-11-13 09:19:45,-36.1464,144.41048,2015-11-14 08:23:43,360,ANL Waratah,ANL
MEAD20161031,Melbourne,Adelaide,Great Australian Bight,-38.77031,133.27031,2016-10-31 22:04:32,-37.63259,142.14372,2016-11-02 03:54:48,430,Salome,Wallenius Wilhelmsen
MEAD20161201,Melbourne,Adelaide,Great Australian Bight,-38.96107,136.53192,2016-12-01 08:47:52,-38.03026,144.30779,2016-12-02 04:45:29,385,Tonsberg,Wallenius Wilhelmsen
MEAD20170306,Melbourne,Adelaide,Great Australian Bight,-38.93237,135.54699,2017-03-06 08:37:38,-37.90172,144.36525,2017-03-07 06:30:30,435,Salome,Wallenius Wilhelmsen
MEAD20180708,Melbourne,Adelaide,Great Australian Bight,-38.50452,139.28033,2018-07-08 23:09:47,-36.92398,141.24168,2018-07-09 07:58:36,140,Salome,Wallenius Wilhelmsen
MEAD20181114,Melbourne,Adelaide,Great Australian Bight,-38.93152,138.01551,2018-11-14 17:02:08,-35.08793,144.31408,2018-11-15 18:56:40,430,Salome,Wallenius Wilhelmsen
MEAD20181219,Melbourne,Adelaide,Great Australian Bight,-38.94665,138.45141,2018-12-19 10:59:00,-36.09667,144.44833,2018-12-20 07:32:19,390,Tonsberg,Wallenius Wilhelmsen
MEAD20191031,Melbourne,Adelaide,Great Australian Bight,-38.94153,135.82015,2019-10-31 02:32:17,-36.70929,144.10237,2019-11-01 04:52:14,430,Salome,Wallenius Wilhelmsen
MEAD20200417,Melbourne,Adelaide,Great Australian Bight,-38.96261,136.9708,2020-04-17 03:33:34,-36.94566,143.95286,2020-04-18 05:16:42,370,Tonsberg,Wallenius Wilhelmsen
MEFR20160310,Melbourne,Fremantle,Great Australian Bight,-38.96238,131.84774,2016-03-10 22:53:56,-38.40883,144.41806,2016-03-11 22:40:42,605,Portugal,Laeisz
MEFR20190224,Melbourne,Fremantle,Great Australian Bight,-37.98255,124.77774,2019-02-24 22:38:11,-36.56023,135.91922,2019-02-26 04:05:14,545,Salome,Wallenius Wilhelmsen
MEPK20190808,Melbourne,Port Kembla,Southern East Australian Currect,-39.273,145.40395,2019-08-08 03:33:24,-35.78653,150.82382,2019-08-09 13:03:26,380,Tonsberg,Wallenius Wilhelmsen
MISI20141111,Maria Island,Schouten Island,Tasmania,-43.28225,148.06689,2014-11-11 05:54:46,-41.98652,148.81745,2014-11-11 22:16:28,165,RV Investigator,MNF - IN2014_E03
NCBR20141202,Newcastle,Brisbane,Northern East Australian Currect,-32.94042,151.9864,2014-12-02 05:59:34,-26.73074,153.74598,2014-12-03 21:50:32,415,Island Chief,Swires
NCME20150928,Newcastle,Melbourne,Southern East Australian Currect,-39.18762,144.69614,2015-09-28 07:30:07,-33.08288,151.78746,2015-09-29 22:16:00,580,Island Chief,Swires
NEBU20120615,Nelson,Burnie,Tasmania,-41.20097,148.95025,2012-06-15 22:12:15,-40.62972,170.74708,2012-06-18 23:55:11,940,Rehua,Sealord Group Ltd.
NEDE20130615,Nelson,Devonport,Great Barrier Reef,-41.19159,146.67536,2013-06-15 08:15:33,-40.49258,173.17572,2013-06-19 05:53:37,1205,Rehua,Sealord Group Ltd.
PKME20161029,Port Kembla,Melbourne,Southern East Australian Currect,-39.19934,146.27783,2016-10-29 21:54:24,-37.98175,149.50624,2016-10-30 08:32:45,175,Salome,Wallenius Wilhelmsen
PKME20161129,Port Kembla,Melbourne,Southern East Australian Currect,-39.19474,145.56788,2016-11-29 03:52:50,-34.70828,151.02946,2016-11-30 02:06:14,430,Tonsberg,Wallenius Wilhelmsen
PKME20170303,Port Kembla,Melbourne,Southern East Australian Currect,-39.19335,144.96666,2017-03-03 20:08:09,-34.53834,151.00565,2017-03-04 21:21:52,470,Salome,Wallenius Wilhelmsen
PKME20170330,Port Kembla,Melbourne,Southern East Australian Currect,-38.05556,149.36258,2017-03-30 08:52:03,-34.5584,151.03323,2017-03-31 00:36:58,240,Tonsberg,Wallenius Wilhelmsen
PKME20170628,Port Kembla,Melbourne,Southern East Australian Currect,-39.18793,144.65568,2017-06-28 22:34:36,-37.31657,150.22979,2017-06-29 18:44:09,320,Salome,Wallenius Wilhelmsen
PKME20170802,Port Kembla,Melbourne,Southern East Australian Currect,-39.19399,144.73001,2017-08-02 00:53:13,-36.88339,150.485,2017-08-02 20:04:02,355,Tonsberg,Wallenius Wilhelmsen
PKME20171027,Port Kembla,Melbourne,Southern East Australian Currect,-38.63256,148.38171,2017-10-27 21:44:38,-37.09518,150.316,2017-10-28 06:24:47,140,Salome,Wallenius Wilhelmsen
PKME20171201,Port Kembla,Melbourne,Southern East Australian Currect,-39.15797,146.43957,2017-12-01 23:46:52,-35.08173,151.03464,2017-12-03 00:08:58,375,Tonsberg,Wallenius Wilhelmsen
PKME20180309,Port Kembla,Melbourne,Southern East Australian Currect,-38.98517,147.14211,2018-03-09 13:13:09,-34.53673,151.01966,2018-03-10 08:30:41,360,Salome,Wallenius Wilhelmsen
PKME20180404,Port Kembla,Melbourne,Southern East Australian Currect,-39.15716,146.49627,2018-04-04 08:12:41,-34.52506,151.0297,2018-04-05 04:11:18,395,Tonsberg,Wallenius Wilhelmsen
PKME20180705,Port Kembla,Melbourne,Southern East Australian Currect,-39.18932,146.00468,2018-07-05 23:10:10,-34.51339,151.0037,2018-07-07 02:57:17,415,Salome,Wallenius Wilhelmsen
PKME20180804,Port Kembla,Melbourne,Southern East Australian Currect,-39.14535,146.54441,2018-08-04 09:08:19,-34.56673,151.03128,2018-08-05 06:29:29,390,Tonsberg,Wallenius Wilhelmsen
PKME20181112,Port Kembla,Melbourne,Southern East Australian Currect,-38.97405,147.18724,2018-11-12 17:31:00,-34.66006,151.02097,2018-11-13 11:56:41,350,Salome,Wallenius Wilhelmsen
PKME20181217,Port Kembla,Melbourne,Southern East Australian Currect,-39.12832,146.59378,2018-12-17 03:26:25,-34.94173,151.03333,2018-12-17 23:39:39,365,Tonsberg,Wallenius Wilhelmsen
PKME20190221,Port Kembla,Melbourne,Southern East Australian Currect,-39.19519,145.19714,2019-02-21 18:56:36,-34.45715,151.02462,2019-02-22 21:17:05,465,Salome,Wallenius Wilhelmsen
PKME20190423,Port Kembla,Melbourne,Southern East Australian Currect,-39.11235,146.66532,2019-04-23 08:53:35,-34.6284,151.03307,2019-04-24 06:21:10,380,Tonsberg,Wallenius Wilhelmsen
PKME20190627,Port Kembla,Melbourne,Southern East Australian Currect,-39.00004,147.08279,2019-06-27 05:00:18,-34.58005,151.02015,2019-06-28 02:59:25,360,Salome,Wallenius Wilhelmsen
PKME20191028,Port Kembla,Melbourne,Southern East Australian Currect,-38.1296,149.21129,2019-10-28 14:39:03,-34.50839,151.01441,2019-10-29 05:25:43,250,Salome,Wallenius Wilhelmsen
PKME20191208,Port Kembla,Melbourne,Southern East Australian Currect,-39.09711,146.71188,2019-12-08 11:07:41,-34.50264,151.03324,2019-12-09 11:40:00,385,Tonsberg,Wallenius Wilhelmsen
PKME20200415,Port Kembla,Melbourne,Southern East Australian Currect,-39.19643,144.89695,2020-04-15 00:44:34,-36.14202,150.70525,2020-04-15 22:07:45,380,Tonsberg,Wallenius Wilhelmsen
PKME20200801,Port Kembla,Melbourne,Southern East Australian Currect,-39.17526,146.42405,2020-08-01 09:54:54,-34.51672,151.01288,2020-08-02 09:56:33,410,Salome,Wallenius Wilhelmsen
PKME20200920,Port Kembla,Melbourne,Southern East Australian Currect,-38.91707,147.4043,2020-09-20 11:14:52,-34.50546,151.02787,2020-09-21 09:56:41,350,Tonsberg,Wallenius Wilhelmsen
PKME20201219,Port Kembla,Melbourne,Southern East Australian Currect,-39.19904,146.10715,2020-12-19 03:51:52,-34.47764,151.01916,2020-12-20 06:48:21,415,Salome,Wallenius Wilhelmsen
PPMA20120615,Proserpine,Mackay,Great Barrier Reef,-21.19251,149.09501,2012-06-15 09:29:01,-20.77145,149.52813,2012-06-15 16:15:23,40,RV Cape Ferguson,AIMS
SIHO20141116,Schouten Island,Hobart,Tasmania,-43.28094,147.66984,2014-11-16 14:42:23,-42.92932,148.4885,2014-11-16 21:28:33,60,RV Investigator,CSIRO; MNF - IN2014_E03
SOHO20120723,Southern Ocean Time Series Mooring,Hobart,Southern Ocean,-46.4968,142.3617,2012-07-23 11:14:00,-44.0099,146.5392,2012-07-24 10:29:00,236.02,Southern Surveyor,CSIRO; SOCPR
SOHO20150328,Southern Ocean Time Series Mooring,Hobart,Southern Ocean,-46.6234,142.16954,2015-03-28 10:21:52,-45.04012,146.7022,2015-03-29 07:37:20,235,RV Investigator,CSIRO; MNF - IN2015_V01
SOHO20180822,Southern Ocean Time Series Mooring,Hobart,Southern Ocean,-46.9556,142.23319,2018-08-22 15:02:22,-43.5531,147.37448,2018-08-23 17:47:24,305,RV Investigator,CSIRO; MNF - IN2018_V07
SYBR20140324,Sydney,Brisbane,Northern East Australian Currect,-33.58699,151.54563,2014-03-24 22:34:37,-29.23489,153.62039,2014-03-26 02:50:31,295,Island Chief,Swires
SYBR20141102,Sydney,Brisbane,Northern East Australian Currect,-32.44654,152.70695,2014-11-02 21:46:01,-27.5452,153.74985,2014-11-04 05:48:18,305,Island Chief,Swires
SYHO20101104,Sydney,Hobart,Southern East Australian Currect,-43.20724,148.79671,2010-11-04 13:21:50,-37.03544,150.4559,2010-11-07 17:02:22,410,Southern Surveyor,CSIRO
SYHO20130227,Sydney,Hobart,Southern East Australian Currect,-38.90892,149.79481,2013-02-27 04:05:22,-34.41968,152.74278,2013-03-01 03:14:06,335,Southern Surveyor,CSIRO
SYHO20130301,Sydney,Hobart,Southern East Australian Currect,-43.2848,147.64985,2013-03-01 04:11:26,-38.99404,149.74137,2013-03-02 19:15:47,295,Southern Surveyor,CSIRO
SYHO20150622,Sydney,Hobart,Southern East Australian Currect,-35.81638,150.86803,2015-06-22 03:32:24,-34.30986,151.48694,2015-06-22 13:51:50,130,RV Investigator,CSIRO; MNF - IN2015_T02
SYHO20150623,Sydney,Hobart,Southern East Australian Currect,-43.16594,148.16113,2015-06-23 06:31:38,-38.76556,149.76618,2015-06-24 12:59:58,280,RV Investigator,CSIRO; MNF - IN2015_T02
SYME20090629,Sydney,Melbourne,Southern East Australian Currect,-39.20027,144.75917,2009-06-29 05:07:05,-34.10803,151.27888,2009-06-30 05:28:47,520,ANL Windarra,ANL
SYME20090727,Sydney,Melbourne,Southern East Australian Currect,-39.19573,146.34627,2009-07-27 07:31:20,-34.16882,151.28507,2009-07-28 03:02:50,405,ANL Windarra,ANL
SYME20090824,Sydney,Melbourne,Southern East Australian Currect,-39.20335,145.83924,2009-08-24 05:37:16,-34.10793,151.29749,2009-08-25 03:39:28,460,ANL Windarra,ANL
SYME20091019,Sydney,Melbourne,Southern East Australian Currect,-39.09505,146.72019,2009-10-19 09:54:52,-34.10311,151.26243,2009-10-20 04:42:35,415,ANL Windarra,ANL
SYME20091215,Sydney,Melbourne,Southern East Australian Currect,-39.04937,146.91538,2009-12-15 09:18:39,-34.11302,151.27991,2009-12-16 03:02:09,405,ANL Windarra,ANL
SYME20100114,Sydney,Melbourne,Southern East Australian Currect,-39.11874,146.64344,2010-01-13 15:38:01,-34.08803,151.30111,2010-01-14 13:46:55,420,ANL Windarra,ANL
SYME20100216,Sydney,Melbourne,Southern East Australian Currect,-39.20336,145.0445,2010-02-16 00:57:40,-34.0911,151.30982,2010-02-17 06:55:57,205,ANL Windarra,ANL
SYME20100323,Sydney,Melbourne,Southern East Australian Currect,-39.19803,146.25465,2010-03-23 03:08:43,-34.23626,151.27413,2010-03-24 03:51:03,430,ANL Windarra,ANL
SYME20100605,Sydney,Melbourne,Southern East Australian Currect,-39.20335,144.92389,2010-06-04 21:01:14,-36.65693,150.58145,2010-06-05 13:53:30,355,ANL Windarra,ANL
SYME20101021,Sydney,Melbourne,Southern East Australian Currect,-39.19286,146.34224,2010-10-20 15:43:23,-34.18173,151.27591,2010-10-21 12:36:48,430,ANL Windarra,ANL
SYME20101231,Sydney,Melbourne,Southern East Australian Currect,-39.20335,145.30572,2010-12-31 04:49:36,-34.28128,151.26422,2011-01-01 04:53:56,480,ANL Windarra,ANL
SYME20110308,Sydney,Melbourne,Southern East Australian Currect,-39.20335,145.10474,2011-03-07 19:52:10,-34.1734,151.13667,2011-03-09 05:07:07,495,ANL Windarra,ANL
SYME20110517,Sydney,Melbourne,Southern East Australian Currect,-39.20336,144.81515,2011-05-17 12:45:52,-34.14294,151.28924,2011-05-18 22:18:05,515,ANL Windarra,ANL
SYME20110727,Sydney,Melbourne,Southern East Australian Currect,-39.20336,145.12344,2011-07-27 19:14:03,-34.24166,151.27559,2011-07-28 21:15:21,490,ANL Windarra,ANL
SYME20111214,Sydney,Melbourne,Southern East Australian Currect,-39.14664,146.5354,2011-12-14 21:19:40,-37.53937,150.12415,2011-12-15 07:32:55,205,ANL Windarra,ANL
SYME20120417,Sydney,Melbourne,Southern East Australian Currect,-39.10431,146.70106,2012-04-16 23:51:28,-34.10969,151.28158,2012-04-18 06:48:33,410,ANL Windarra,ANL
SYME20120903,Sydney,Melbourne,Southern East Australian Currect,-38.81578,147.85546,2012-09-03 23:50:48,-34.17467,151.27636,2012-09-04 20:06:22,345,ANL Windarra,ANL
SYME20121113,Sydney,Melbourne,Southern East Australian Currect,-39.19961,144.7079,2012-11-13 14:49:04,-34.24795,151.26595,2012-11-14 21:20:44,510,ANL Windarra,ANL
SYME20140325,Sydney,Melbourne,Southern East Australian Currect,-39.16223,146.44438,2014-03-25 06:13:20,-34.1989,151.23152,2014-03-26 07:45:29,415,ANL Whyalla,ANL
SYME20140603,Sydney,Melbourne,Southern East Australian Currect,-39.19359,145.83475,2014-06-04 00:06:40,-34.22369,151.22383,2014-06-05 16:11:35,445,ANL Whyalla,ANL
SYME20140916,Sydney,Melbourne,Southern East Australian Currect,-39.19021,145.4113,2014-09-16 22:11:49,-34.41886,151.16464,2014-09-17 21:37:14,455,ANL Whyalla,ANL
SYME20141126,Sydney,Melbourne,Southern East Australian Currect,-39.1515,146.49161,2014-11-26 19:51:41,-34.21883,151.21953,2014-11-28 08:48:57,410,ANL Whyalla,ANL
SYME20150203,Sydney,Melbourne,Southern East Australian Currect,-37.68242,149.92329,2015-02-03 13:07:26,-34.34303,151.18465,2015-02-03 23:32:07,215,ANL Whyalla,ANL
SYME20150301,Sydney,Melbourne,Southern East Australian Currect,-37.83215,149.75816,2015-03-01 06:11:54,-33.20198,151.84476,2015-03-02 05:58:39,305,Island Chief,Swires
SYME20150721,Sydney,Melbourne,Southern East Australian Currect,-39.19233,144.95082,2015-07-21 05:12:53,-34.58655,151.49399,2015-07-22 21:35:31,475,Island Chief,Swires
SYME20150803,Sydney,Melbourne,Southern East Australian Currect,-38.16248,149.29112,2015-08-03 04:52:04,-34.74763,151.14035,2015-08-04 10:44:29,240,Philadelphia,Laeisz
SYME20150825,Sydney,Melbourne,Southern East Australian Currect,-38.32944,148.87142,2015-08-25 12:30:30,-33.65747,151.93433,2015-08-26 22:37:40,335,Island Chief,Swires
SYME20151110,Sydney,Melbourne,Southern East Australian Currect,-39.16439,147.04855,2015-11-10 08:04:08,-34.33356,151.20498,2015-11-11 06:55:31,380,ANL Waratah,ANL
SYME20151211,Sydney,Melbourne,Southern East Australian Currect,-39.19264,144.98362,2015-12-11 21:41:23,-37.0131,150.16563,2015-12-12 21:11:22,315,Island Chief,Swires
SYME20160308,Sydney,Melbourne,Southern East Australian Currect,-39.04799,146.89539,2016-03-08 19:47:34,-37.74261,149.94229,2016-03-09 07:25:44,170,Portugal,Laeisz
SYME20160730,Sydney,Melbourne,Southern East Australian Currect,-39.19441,146.32242,2016-07-30 09:14:23,-34.5784,151.04149,2016-07-31 09:58:19,400,Tonsberg,Wallenius Wilhelmsen
TINT20171001,Thursday Island,Northern Territory,Norther Australia,-11.19996,135.24384,2017-10-01 15:26:34,-10.60167,141.79528,2017-10-03 00:07:27,395,RV Investigator,MNF - IN2017_T01
TOCA20131108,Townsville,Cairns,Great Barrier Reef,-18.95382,145.91911,2013-11-08 12:27:59,-16.80253,146.8489,2013-11-15 16:31:45,150,Kweichow,Swires
TOCA20140930,Townsville,Cairns,Great Barrier Reef,-19.06357,146.01604,2014-09-30 22:44:09,-16.89083,146.88801,2014-10-01 11:57:04,145,Kweichow,Swires
TOCA20150819,Townsville,Cairns,Great Barrier Reef,-17.5097,145.95349,2015-08-19 22:14:23,-16.81533,146.22163,2015-08-20 02:33:18,50,Kweichow,Swires
TOCA20160418,Townsville,Cairns,Great Barrier Reef,-18.79875,146.07342,2016-04-18 23:19:15,-16.96937,146.79747,2016-04-19 19:31:46,125,Kweichow,Swires
TOCA20160819,Townsville,Cairns,Great Barrier Reef,-18.88834,145.936,2016-08-19 04:14:19,-16.82736,146.8238,2016-08-19 17:07:26,140,Kweichow,Swires
TOCA20161017,Townsville,Cairns,Great Barrier Reef,-19.05374,146.05048,2016-10-17 08:33:27,-16.95794,146.88748,2016-10-17 20:39:40,140,Kweichow,Swires
